repo,url,stars,loc
ymotongpoo/cndf2023,https://github.com/ymotongpoo/cndf2023,3,886
grafana/k6-jslib-aws,https://github.com/grafana/k6-jslib-aws,24,9838
oreyon/nestjs-11-mikro-orm-10,https://github.com/oreyon/nestjs-11-mikro-orm-10,0,19955
grafana/setup-k6-action,https://github.com/grafana/setup-k6-action,18,39193
hari-p8-io/RestVsGrpc,https://github.com/hari-p8-io/RestVsGrpc,0,21572
HariSekhon/Templates,https://github.com/HariSekhon/Templates,164,14411
6-BARK/neighborhood,https://github.com/6-BARK/neighborhood,0,41044
gzydong/go-chat,https://github.com/gzydong/go-chat,326,65039
pigfox/grpc-vs-rest,https://github.com/pigfox/grpc-vs-rest,0,760
maxoliverbr/k6GithubActions,https://github.com/maxoliverbr/k6GithubActions,1,168
armydep/shorten-url,https://github.com/armydep/shorten-url,0,1834
nikoresu/http-concurrency,https://github.com/nikoresu/http-concurrency,0,1419
Hermijj/K6Code,https://github.com/Hermijj/K6Code,0,266
JonathanGunawan30/golang-redis-jwt-session,https://github.com/JonathanGunawan30/golang-redis-jwt-session,0,7190
chan4lk/k6-browser-perf-tests,https://github.com/chan4lk/k6-browser-perf-tests,0,5414
CintyaAprilaFandini/PPL_KUIS-1,https://github.com/CintyaAprilaFandini/PPL_KUIS-1,0,66241
bendbennett/go-api-demo,https://github.com/bendbennett/go-api-demo,2,9816
Fan-Lo/SENG533,https://github.com/Fan-Lo/SENG533,0,901
akramahmed1/quantenergx,https://github.com/akramahmed1/quantenergx,0,216184
lucasjct/test-performance,https://github.com/lucasjct/test-performance,0,389
minhduytran/k6,https://github.com/minhduytran/k6,0,235
userwhoga/midka,https://github.com/userwhoga/midka,0,547
ikhairulnizam/k6,https://github.com/ikhairulnizam/k6,0,20
rpp2205-sdc-danakil/brandon-product_overview,https://github.com/rpp2205-sdc-danakil/brandon-product_overview,0,10840
Morin90/Node-Pokemon-API,https://github.com/Morin90/Node-Pokemon-API,0,6713
Sr-Shohan/Load_Testing_With_K6,https://github.com/Sr-Shohan/Load_Testing_With_K6,0,134
ddrsdiego/dapr-play-economy,https://github.com/ddrsdiego/dapr-play-economy,1,8636
RPT24TurkishDelight/somebirds-product-accordion,https://github.com/RPT24TurkishDelight/somebirds-product-accordion,0,25253
levensspel/TutupLapak-Test,https://github.com/levensspel/TutupLapak-Test,0,152600
suratinkru/testLoadNodejs,https://github.com/suratinkru/testLoadNodejs,0,1341
mentalclear/k6-project,https://github.com/mentalclear/k6-project,0,31
SilviuCristian45/proiect_tsac,https://github.com/SilviuCristian45/proiect_tsac,0,113
ranggaadithia/sora-load-test,https://github.com/ranggaadithia/sora-load-test,0,81
AkLato/k6-ui,https://github.com/AkLato/k6-ui,0,1770
magicwarms/k6-load-testing,https://github.com/magicwarms/k6-load-testing,0,98
williamek00/Clustered-Node-JS,https://github.com/williamek00/Clustered-Node-JS,0,1924
bskjp1004/hhplus-ecommerce-server,https://github.com/bskjp1004/hhplus-ecommerce-server,0,9104
orhndmrc/k6Performance,https://github.com/orhndmrc/k6Performance,0,55191
mateusoliveiraps/k6_estudos,https://github.com/mateusoliveiraps/k6_estudos,0,961
dipakparmar/mta-sts-server,https://github.com/dipakparmar/mta-sts-server,0,1222
tariqazmat101/k6-websockets-testing,https://github.com/tariqazmat101/k6-websockets-testing,0,131
Ahn-seokjoo/todo-spring,https://github.com/Ahn-seokjoo/todo-spring,1,4342
catdevman/oasis,https://github.com/catdevman/oasis,0,63264
rpp2204-sdc-caesar/Atelier,https://github.com/rpp2204-sdc-caesar/Atelier,0,40620
Code-Nine-FTC/WeatherDataService,https://github.com/Code-Nine-FTC/WeatherDataService,0,6893
Pennsieve/pennsieve-stress-test,https://github.com/Pennsieve/pennsieve-stress-test,1,1433
jalajthanaki/RayServeProdDemo,https://github.com/jalajthanaki/RayServeProdDemo,0,1149
rpp2205-sdc-atacama/rpp2205-yui-overview,https://github.com/rpp2205-sdc-atacama/rpp2205-yui-overview,0,705
TaskTrackersSynchronizer/task-trackers-synchronizer,https://github.com/TaskTrackersSynchronizer/task-trackers-synchronizer,0,4869
khvalbotaihor/k6_14_05_2025,https://github.com/khvalbotaihor/k6_14_05_2025,0,427
Mistyrain520/k6auto,https://github.com/Mistyrain520/k6auto,12,431624
joeAphiwat/Load-Test,https://github.com/joeAphiwat/Load-Test,0,140896
green-coding-solutions/gmt-load-testing,https://github.com/green-coding-solutions/gmt-load-testing,1,661
songkg7/spike-test,https://github.com/songkg7/spike-test,1,45
mobsocial/load-tests,https://github.com/mobsocial/load-tests,0,941
ohksj77/k6-load-test,https://github.com/ohksj77/k6-load-test,0,48
parthmern/backendLoadTesting-K6,https://github.com/parthmern/backendLoadTesting-K6,0,61
momdim/k6_diverse,https://github.com/momdim/k6_diverse,0,14
vasusharma-code/DD-Robocon,https://github.com/vasusharma-code/DD-Robocon,0,36641
copyleftdev/k6_project,https://github.com/copyleftdev/k6_project,0,526
zawad08/K6-Tool-scripts,https://github.com/zawad08/K6-Tool-scripts,0,108
DendyAR/perpormance-test-k6,https://github.com/DendyAR/perpormance-test-k6,0,41
mattiaerre/knives-in-block,https://github.com/mattiaerre/knives-in-block,0,21644
francobrotto/exp2506,https://github.com/francobrotto/exp2506,0,4166
serezharogozha/soc,https://github.com/serezharogozha/soc,0,5859
pojanjen/K6TestAdonisJs,https://github.com/pojanjen/K6TestAdonisJs,0,10829
JimenaMarol/G15_ms-compras,https://github.com/JimenaMarol/G15_ms-compras,0,799
ucudal/ANDIS2_UT1_DEMO3,https://github.com/ucudal/ANDIS2_UT1_DEMO3,0,414
Ajayan-NTP/hotelApp,https://github.com/Ajayan-NTP/hotelApp,0,1907
grafana/xk6-output-example,https://github.com/grafana/xk6-output-example,0,1851
dgzlopes/k6-tracing-instrumentation-grpc,https://github.com/dgzlopes/k6-tracing-instrumentation-grpc,0,1354
Shubhamkunwar10/K6-KDA,https://github.com/Shubhamkunwar10/K6-KDA,0,6190
Augustus31/voicechess,https://github.com/Augustus31/voicechess,0,410024
BehzadDara/URLShortener,https://github.com/BehzadDara/URLShortener,149,2940
S-Selvanayagam/Transfinitte_2024_StreamSense,https://github.com/S-Selvanayagam/Transfinitte_2024_StreamSense,1,3429
toddtreece/raftrv,https://github.com/toddtreece/raftrv,0,1228
marinalb/k6CoinMarket,https://github.com/marinalb/k6CoinMarket,0,91
tinrael/product,https://github.com/tinrael/product,0,830
javiramos1/k6-elasticsearch-k8s,https://github.com/javiramos1/k6-elasticsearch-k8s,2,8818
tebrex1995/k6,https://github.com/tebrex1995/k6,0,304
julien-jungo/k6-example,https://github.com/julien-jungo/k6-example,0,113
elrison/test-k6,https://github.com/elrison/test-k6,0,1469
felipersas/backend-studies,https://github.com/felipersas/backend-studies,0,44102
feejunior/k6login,https://github.com/feejunior/k6login,1,66
chirag416/enrichLabs,https://github.com/chirag416/enrichLabs,0,2099
itsmefdil/k6-load-testing,https://github.com/itsmefdil/k6-load-testing,0,414
vfarcic/k6-demo,https://github.com/vfarcic/k6-demo,1,89
reevu13/polanji-perf,https://github.com/reevu13/polanji-perf,0,4897
rpt24-donuts/tptDescriptionAndStandards-Proxy,https://github.com/rpt24-donuts/tptDescriptionAndStandards-Proxy,0,9175
LuisKpBeta/url-shortener,https://github.com/LuisKpBeta/url-shortener,2,700
markbeep/htmx-blog,https://github.com/markbeep/htmx-blog,3,4342
shamir92/project-sprint-team-happy,https://github.com/shamir92/project-sprint-team-happy,1,158114
nicolevanderhoeven/k6-scripts,https://github.com/nicolevanderhoeven/k6-scripts,25,38515
Xfers/pma-loadtest-k6,https://github.com/Xfers/pma-loadtest-k6,0,31
nandanugg/EniQiloStoreTestCasesPSW2B2,https://github.com/nandanugg/EniQiloStoreTestCasesPSW2B2,0,4695
dina2203/rkJava,https://github.com/dina2203/rkJava,0,1211
ardatan/feTS,https://github.com/ardatan/feTS,705,190454
supabase/benchmarks,https://github.com/supabase/benchmarks,56,81817
falahsuta/final-thesis-proj,https://github.com/falahsuta/final-thesis-proj,1,44872
PraveenAsthana123/cypresstesting,https://github.com/PraveenAsthana123/cypresstesting,0,27216
sehyeogg365/hhplus_ecommerce,https://github.com/sehyeogg365/hhplus_ecommerce,0,5830
saimanikumar67/k6_scripts_testing,https://github.com/saimanikumar67/k6_scripts_testing,1,129981
pcristin/not_golang_contest,https://github.com/pcristin/not_golang_contest,0,3196
vitingr/educational-api,https://github.com/vitingr/educational-api,2,12836
s00d/nuxt-i18n-micro,https://github.com/s00d/nuxt-i18n-micro,216,754060
Magnificent-Malasada/productOverview,https://github.com/Magnificent-Malasada/productOverview,0,8369
TomWang22/record-platform,https://github.com/TomWang22/record-platform,0,67457
Augustus31/Augustus31.github.io,https://github.com/Augustus31/Augustus31.github.io,0,412817
nahomaron/anastasia_springboot,https://github.com/nahomaron/anastasia_springboot,0,37393
khulnasoft/kenbench,https://github.com/khulnasoft/kenbench,0,73405
ren-joey/NestJS_dogcatstar,https://github.com/ren-joey/NestJS_dogcatstar,0,11426
lionelschiepers/DemoMinimalAPI,https://github.com/lionelschiepers/DemoMinimalAPI,0,1151
mountebank-testing/mountebank,https://github.com/mountebank-testing/mountebank,2056,63984
sdc-jackson/user-service,https://github.com/sdc-jackson/user-service,0,15009
DiogoRibeiro7/git-actions-collection,https://github.com/DiogoRibeiro7/git-actions-collection,0,10816
timpamungkasudemy/ai-assisted-testing-k6,https://github.com/timpamungkasudemy/ai-assisted-testing-k6,0,5723
SyBeRGEN/web_tours_k6_test,https://github.com/SyBeRGEN/web_tours_k6_test,0,417
szypulka/pt-as,https://github.com/szypulka/pt-as,0,2117
saiya/dsps,https://github.com/saiya/dsps,12,50624
GHesericsu/cloudStay-PhotoGallery,https://github.com/GHesericsu/cloudStay-PhotoGallery,0,18648
IceScout26/swagger-petstore-sqa,https://github.com/IceScout26/swagger-petstore-sqa,0,6033
Morvie/FeedMessages,https://github.com/Morvie/FeedMessages,0,309382
NelsonBN/samples-k6-tests,https://github.com/NelsonBN/samples-k6-tests,0,1143
arn-ob/script-load-testing,https://github.com/arn-ob/script-load-testing,0,753872
airellbachtiar/RaffleShopping-Backend,https://github.com/airellbachtiar/RaffleShopping-Backend,1,3529
J-reyes132/api-test-k6,https://github.com/J-reyes132/api-test-k6,0,8148
ekacs/K6-script-collection,https://github.com/ekacs/K6-script-collection,0,1390
Chris-Owusu/k6,https://github.com/Chris-Owusu/k6,0,1270
UrumiAI/wc-perf-testing,https://github.com/UrumiAI/wc-perf-testing,0,7874
biancabelea/Mentum,https://github.com/biancabelea/Mentum,0,29887
rpp36-sdc-smtp/smtp-othniel-reviews,https://github.com/rpp36-sdc-smtp/smtp-othniel-reviews,0,11603
WizziGameDev/k6-performance-testing,https://github.com/WizziGameDev/k6-performance-testing,0,101
wisehero/hhplus-ecommerce,https://github.com/wisehero/hhplus-ecommerce,0,14882
GyanaprakashKhandual/Automation-Functional-Py-Test,https://github.com/GyanaprakashKhandual/Automation-Functional-Py-Test,0,827
Matrics-io/k6-sdk,https://github.com/Matrics-io/k6-sdk,0,8266
bumberboy/xk6-connectrpc,https://github.com/bumberboy/xk6-connectrpc,6,10936
eixfix/smcc-load-test,https://github.com/eixfix/smcc-load-test,0,737
up2code/demo-dev-container,https://github.com/up2code/demo-dev-container,0,8973
byounghoon95/concert-ticketing,https://github.com/byounghoon95/concert-ticketing,0,13772
pagopa/pn-load-test,https://github.com/pagopa/pn-load-test,0,368010
nexoqa/nexoqa_training_eng_adv_k6,https://github.com/nexoqa/nexoqa_training_eng_adv_k6,0,247
vfarcic/groundcover-demo,https://github.com/vfarcic/groundcover-demo,0,440
lucifer3618/next-dev,https://github.com/lucifer3618/next-dev,0,26791
kesen-humblebundle/item-description,https://github.com/kesen-humblebundle/item-description,0,19954
Dmitry-Boyko/Udemy,https://github.com/Dmitry-Boyko/Udemy,0,477558
sheikhshack/openrainbow-poc-50.003,https://github.com/sheikhshack/openrainbow-poc-50.003,2,35853
allcleardev/performance-tests,https://github.com/allcleardev/performance-tests,0,552
aquonAttheHub/data-science-2023-2024,https://github.com/aquonAttheHub/data-science-2023-2024,0,156267
jsvitorm/ponderadasemana9m9,https://github.com/jsvitorm/ponderadasemana9m9,0,364
rpp2205-sdc-atacama/rpp2205-yuchen-QA,https://github.com/rpp2205-sdc-atacama/rpp2205-yuchen-QA,2,8822
frevar1975/Clases,https://github.com/frevar1975/Clases,0,1076698
vifor/faas-to-iaas-migration-framework,https://github.com/vifor/faas-to-iaas-migration-framework,0,42012
CrisDev2509/Sistema-Web-Hamburgueseria,https://github.com/CrisDev2509/Sistema-Web-Hamburgueseria,0,451912
spk364/procomp,https://github.com/spk364/procomp,0,29133
snothub/snothub.github.io,https://github.com/snothub/snothub.github.io,0,3797
jwcastillo/0_to_100_k6,https://github.com/jwcastillo/0_to_100_k6,6,7111
lucasonzta/deznity-core,https://github.com/lucasonzta/deznity-core,0,95234
S6-LT/LumbridgeTimes,https://github.com/S6-LT/LumbridgeTimes,0,82684
dongnguyenduybang/k6-report,https://github.com/dongnguyenduybang/k6-report,0,33514
ttu/securing-web-api,https://github.com/ttu/securing-web-api,0,14936
ViktorNovak1/DBI-Projekt-5DHIF-Wintersemester-Novak-Gregorich,https://github.com/ViktorNovak1/DBI-Projekt-5DHIF-Wintersemester-Novak-Gregorich,0,15624
kennedyoliveira/hltb-proxy,https://github.com/kennedyoliveira/hltb-proxy,0,39809
Napat/k6_loadtest,https://github.com/Napat/k6_loadtest,0,3531
srperf/k6Modular,https://github.com/srperf/k6Modular,0,254
criscarlolm/k6-kubernetes-aws-loadtest,https://github.com/criscarlolm/k6-kubernetes-aws-loadtest,0,42021
al03022140/devops-web-app,https://github.com/al03022140/devops-web-app,0,32527
teri0411/Real-time-data-with-serverless,https://github.com/teri0411/Real-time-data-with-serverless,0,1784383
petechain23/K6,https://github.com/petechain23/K6,0,318221
nadiaalnd/Performance-Test-Adameds-V3,https://github.com/nadiaalnd/Performance-Test-Adameds-V3,0,9130
WhrTvT/hhplus-Ecommerce,https://github.com/WhrTvT/hhplus-Ecommerce,0,10114
Consensys/codefi-assets-and-payments,https://github.com/Consensys/codefi-assets-and-payments,22,2290943
MuhammadAqil25/SQAMobbi,https://github.com/MuhammadAqil25/SQAMobbi,0,281429
edusoftpro/js-k6,https://github.com/edusoftpro/js-k6,0,5127
wildananugrah/belajar,https://github.com/wildananugrah/belajar,0,1079184
anisimov-anthony/assignment-service,https://github.com/anisimov-anthony/assignment-service,0,10279
KakoF/Template_Distributed_Arch,https://github.com/KakoF/Template_Distributed_Arch,1,37256
GiveMeAjob-job/Keycloak,https://github.com/GiveMeAjob-job/Keycloak,0,16258
namkyu1999/backstage-demo,https://github.com/namkyu1999/backstage-demo,0,37
RohitSinghee228/smart-quiz,https://github.com/RohitSinghee228/smart-quiz,0,100771
KontonGu/MLPerf-Inference-Benchmark-FaST-GShare,https://github.com/KontonGu/MLPerf-Inference-Benchmark-FaST-GShare,0,1277
adhirajkinlekar/docker-tools,https://github.com/adhirajkinlekar/docker-tools,0,9137
PropaneC3H8/TaskManager,https://github.com/PropaneC3H8/TaskManager,0,1083
Informatievlaanderen/registry-testing,https://github.com/Informatievlaanderen/registry-testing,1,1473
Felipe-builder/k6s-study,https://github.com/Felipe-builder/k6s-study,0,2321
aubronsamuel-hash/a,https://github.com/aubronsamuel-hash/a,0,17665
lyphucloiit/k6-loadtest,https://github.com/lyphucloiit/k6-loadtest,0,9895
0xlildoudou/simple-stress-test,https://github.com/0xlildoudou/simple-stress-test,0,995
TelenorNorway/docker-for-win-issue-8861,https://github.com/TelenorNorway/docker-for-win-issue-8861,0,5724
horadoqa/scripts-k6,https://github.com/horadoqa/scripts-k6,2,5556
glific/k6io,https://github.com/glific/k6io,0,9904
wildanfaz/be_vehiclerental,https://github.com/wildanfaz/be_vehiclerental,1,2914
effectmoe/ai-accounting-system,https://github.com/effectmoe/ai-accounting-system,0,924936
LUCASCNASC/k6-petstore,https://github.com/LUCASCNASC/k6-petstore,0,2667
Zaha250/rg-testing,https://github.com/Zaha250/rg-testing,0,20680
adi-testing/k6-performance-tests,https://github.com/adi-testing/k6-performance-tests,0,195
tianling0625/W255repo,https://github.com/tianling0625/W255repo,1,31819
sipe-team/3-1_spurt,https://github.com/sipe-team/3-1_spurt,16,80830
carloosbaquero/Cliente-TFM,https://github.com/carloosbaquero/Cliente-TFM,0,4642
PyRo1121/hetzner,https://github.com/PyRo1121/hetzner,0,1124074
meownguyen1104/PerformanceTest,https://github.com/meownguyen1104/PerformanceTest,0,50
cabinetoffice/GCGS-Central-Digital-Platform,https://github.com/cabinetoffice/GCGS-Central-Digital-Platform,5,715099
keith-liu-seagull-com/codeceptJS-KeithTest,https://github.com/keith-liu-seagull-com/codeceptJS-KeithTest,0,15106
fahrialfan/Calculate-Payroll-with-API-Published,https://github.com/fahrialfan/Calculate-Payroll-with-API-Published,0,233
zackerms/k6-playground,https://github.com/zackerms/k6-playground,0,526
steadybit/examples,https://github.com/steadybit/examples,0,41
grafana/xk6-client-prometheus-remote,https://github.com/grafana/xk6-client-prometheus-remote,28,4823
vfarcic/keda-demo,https://github.com/vfarcic/keda-demo,1,140
kjuiop/live-chat-server,https://github.com/kjuiop/live-chat-server,2,8119
6-BARK/PhotoGallery_Proxy,https://github.com/6-BARK/PhotoGallery_Proxy,0,281
mpowrd/SoftwareMaintenanceAndTesting,https://github.com/mpowrd/SoftwareMaintenanceAndTesting,0,9760
RayLiu1999/chat_app_backend,https://github.com/RayLiu1999/chat_app_backend,0,31631
surajvm1/LearningMicroservices,https://github.com/surajvm1/LearningMicroservices,0,2284
Challe-P/report-load-tests,https://github.com/Challe-P/report-load-tests,0,17596
mmazune/chefcloud,https://github.com/mmazune/chefcloud,0,138246
venuthomas/API_7_Ways,https://github.com/venuthomas/API_7_Ways,3,3682
leviysoft/mockingbird,https://github.com/leviysoft/mockingbird,15,69487
priyanshuagrawal17/multi-vendor-service,https://github.com/priyanshuagrawal17/multi-vendor-service,0,427
afiffahreza/online-AutoLog,https://github.com/afiffahreza/online-AutoLog,0,6451
go-automate/k6-typescript-framework,https://github.com/go-automate/k6-typescript-framework,88,5250
YouSangSon/test_tools,https://github.com/YouSangSon/test_tools,1,11205
JamesGrant1811/k6-udemy,https://github.com/JamesGrant1811/k6-udemy,0,429
yogibaba2/k6-mnee,https://github.com/yogibaba2/k6-mnee,0,7434
PedroCoelho8/QSOFT-Projeto,https://github.com/PedroCoelho8/QSOFT-Projeto,0,319387
matejuh/demo-gateway,https://github.com/matejuh/demo-gateway,0,590
van1164/AllYouRaffle-BE,https://github.com/van1164/AllYouRaffle-BE,0,7075
hanghae-plus-5th/hhplus-e-commerce,https://github.com/hanghae-plus-5th/hhplus-e-commerce,0,9986
ruvnet/ruvector,https://github.com/ruvnet/ruvector,18,271936
UKHO/erp-facade,https://github.com/UKHO/erp-facade,1,165653
brodo/kubectl-k6,https://github.com/brodo/kubectl-k6,0,2718
Icarus-AI-Technology/icarus-,https://github.com/Icarus-AI-Technology/icarus-,0,1569163
AratKruglik/octane-tests,https://github.com/AratKruglik/octane-tests,0,13191
data-altinn-no/k6-tests,https://github.com/data-altinn-no/k6-tests,0,523
clusterspace-io/SuperQueue,https://github.com/clusterspace-io/SuperQueue,1,4630
DFE-Digital/academies-api,https://github.com/DFE-Digital/academies-api,3,248469
joergstreeck/freshplan-sales-tool,https://github.com/joergstreeck/freshplan-sales-tool,0,1735440
zapier/prom-aggregation-gateway,https://github.com/zapier/prom-aggregation-gateway,151,3913
lelold/pvz,https://github.com/lelold/pvz,0,3973
julianshen/yatagarasu,https://github.com/julianshen/yatagarasu,0,164101
erickgualpa/real-time-backend,https://github.com/erickgualpa/real-time-backend,0,3409
cortezalberto/pruebaMar,https://github.com/cortezalberto/pruebaMar,0,141
farhanlabib/xk6-file-sample-project,https://github.com/farhanlabib/xk6-file-sample-project,1,4269662
shardie-github/WhatsForDinner,https://github.com/shardie-github/WhatsForDinner,1,621503
kucukaslan/clickhouse,https://github.com/kucukaslan/clickhouse,0,6608
bcwilsondotcom/nx-monorepo-template,https://github.com/bcwilsondotcom/nx-monorepo-template,1,1908314
fernandoescolar/xk6-azservicebus,https://github.com/fernandoescolar/xk6-azservicebus,2,1460
ChervyachokMigo/osu-tools,https://github.com/ChervyachokMigo/osu-tools,0,14235
Themba47622/k6-load-testing-example,https://github.com/Themba47622/k6-load-testing-example,0,79
Interstellarss/faas-share-test,https://github.com/Interstellarss/faas-share-test,2,1222859
com-junkawasaki/fcdb,https://github.com/com-junkawasaki/fcdb,0,25974
PrudhviRajMukiri23/Polestar-Assignment,https://github.com/PrudhviRajMukiri23/Polestar-Assignment,1,4461
PurpleFishh/muzici,https://github.com/PurpleFishh/muzici,0,142307
HappyPathsOnly/k6-more-examples,https://github.com/HappyPathsOnly/k6-more-examples,0,5500
RafaelFerSilva/k6,https://github.com/RafaelFerSilva/k6,0,1907
sf1tzp/symbology,https://github.com/sf1tzp/symbology,1,28927
rkhokhla/kakeya,https://github.com/rkhokhla/kakeya,2,591061
narender-kumar-asurion/search-poc,https://github.com/narender-kumar-asurion/search-poc,0,42315
vunetsystems/Load-Testing-Tool,https://github.com/vunetsystems/Load-Testing-Tool,0,83564
Arch-Frost/Tripify,https://github.com/Arch-Frost/Tripify,0,129851
nadiaalnd/Performance-Test-Adamlabs-Demo,https://github.com/nadiaalnd/Performance-Test-Adamlabs-Demo,0,1148
HugoBouttes/poc-queen-mongodb,https://github.com/HugoBouttes/poc-queen-mongodb,0,382207
JS-Ranker/Monitoreo_k6,https://github.com/JS-Ranker/Monitoreo_k6,0,1505
dhalexkim/k6-demo,https://github.com/dhalexkim/k6-demo,0,2041
hr-rfp55-sdc2-cucco/questions-answers-endpoint,https://github.com/hr-rfp55-sdc2-cucco/questions-answers-endpoint,0,13164
eswaryalakanti/Learning-Management-system,https://github.com/eswaryalakanti/Learning-Management-system,0,14845
kyourselfer/OTUS_SRE202207,https://github.com/kyourselfer/OTUS_SRE202207,0,28112
PraveenAsthana123/playtest,https://github.com/PraveenAsthana123/playtest,0,47720
Ensembl/ensembl-dauphin-style-compiler,https://github.com/Ensembl/ensembl-dauphin-style-compiler,0,103074
ibnc/mountebankMongo,https://github.com/ibnc/mountebankMongo,1,2314
PacktPublishing/Implementing-Event-Driven-Architecture-in-.NET-5,https://github.com/PacktPublishing/Implementing-Event-Driven-Architecture-in-.NET-5,2,1845
carlbray/mountebank,https://github.com/carlbray/mountebank,0,84334
LauroDF/FinalChallenge,https://github.com/LauroDF/FinalChallenge,0,184699
ljvillarrealv/grafanak6,https://github.com/ljvillarrealv/grafanak6,0,56346
sardagsoftware/borsa,https://github.com/sardagsoftware/borsa,0,3623793
skgmfbs/ItHink,https://github.com/skgmfbs/ItHink,0,11655
milind1213/MG-BDD,https://github.com/milind1213/MG-BDD,0,13423
zitadel/zitadel,https://github.com/zitadel/zitadel,12248,1168874
marlo2222/curso-teste-performance-k6,https://github.com/marlo2222/curso-teste-performance-k6,14,1410
thiagoluzia/CursoK6.,https://github.com/thiagoluzia/CursoK6.,0,1410
tonnarruda/k6_performanceTesting,https://github.com/tonnarruda/k6_performanceTesting,0,1332
paulojr83/k6-typescript,https://github.com/paulojr83/k6-typescript,0,5250
inspire12/performance-testing-architecture,https://github.com/inspire12/performance-testing-architecture,0,10610
matfritzen/k6-tests,https://github.com/matfritzen/k6-tests,0,1350
23navi/k6,https://github.com/23navi/k6,0,693
SaifAutomatron/k6,https://github.com/SaifAutomatron/k6,0,1727
trangle-sioux/k6-performance,https://github.com/trangle-sioux/k6-performance,0,4541
any4ai/AnyCrawl,https://github.com/any4ai/AnyCrawl,2452,72991
KontonGu/HAS-GPU,https://github.com/KontonGu/HAS-GPU,1,475153
buildfarm/buildfarm,https://github.com/buildfarm/buildfarm,745,102327
mtafasahin/examapp,https://github.com/mtafasahin/examapp,0,727781
voluntarily/vly2,https://github.com/voluntarily/vly2,108,150271
marcosborges/terraform-aws-loadtest-distribuited,https://github.com/marcosborges/terraform-aws-loadtest-distribuited,46,2745
f-lab-edu/baller,https://github.com/f-lab-edu/baller,0,5519
bcgov/healthgateway,https://github.com/bcgov/healthgateway,52,911033
sivaprkolli/k6_sample_tests,https://github.com/sivaprkolli/k6_sample_tests,0,43707
Umbra-Team/Umbra,https://github.com/Umbra-Team/Umbra,2,37584
iago-abner/k6,https://github.com/iago-abner/k6,0,3922
metrico/qryn-bench,https://github.com/metrico/qryn-bench,3,4032
olgaStadnyk/k6-learning,https://github.com/olgaStadnyk/k6-learning,0,73366
davidlimacardoso/k6-multi-load-tests,https://github.com/davidlimacardoso/k6-multi-load-tests,1,2834
fishperson113/ticklab-challenge,https://github.com/fishperson113/ticklab-challenge,0,37609
firmansyah-github/quarkus-generated-test,https://github.com/firmansyah-github/quarkus-generated-test,0,220180
avp365/hl-sn,https://github.com/avp365/hl-sn,0,7530
wnmay/horo,https://github.com/wnmay/horo,0,76311
duongnv129/ory-self-hosted,https://github.com/duongnv129/ory-self-hosted,0,61826
Krithikeswaranmk/final_helyxon,https://github.com/Krithikeswaranmk/final_helyxon,0,217304
igorbrandao18/watch-test-backend,https://github.com/igorbrandao18/watch-test-backend,0,21658
raphaelkauan/test-web-k6,https://github.com/raphaelkauan/test-web-k6,0,2585
Ranj0z/Events-Ticketing-System,https://github.com/Ranj0z/Events-Ticketing-System,0,19600
mussebekabil/messaging-app,https://github.com/mussebekabil/messaging-app,0,13579
yudas-programador/Pruebas-de-integracion,https://github.com/yudas-programador/Pruebas-de-integracion,0,166
rickythink/db-benchmark,https://github.com/rickythink/db-benchmark,0,1009
ntt-dkiku/chaos-eater,https://github.com/ntt-dkiku/chaos-eater,15,131942
estebandonis/ProyectoFinal-IngenieriaDeSoftware-backend,https://github.com/estebandonis/ProyectoFinal-IngenieriaDeSoftware-backend,0,3582
NashTech-Labs/grafana-k6,https://github.com/NashTech-Labs/grafana-k6,0,990
shardie-github/AgentMeshCloud,https://github.com/shardie-github/AgentMeshCloud,0,267208
Abhay2412/SENG533FinalProject,https://github.com/Abhay2412/SENG533FinalProject,0,17976
GualterAlbino/WebServiceK6,https://github.com/GualterAlbino/WebServiceK6,2,2823
arslanrao991/zzreal_worriors,https://github.com/arslanrao991/zzreal_worriors,1,20082
epoch8/amplitude-collector,https://github.com/epoch8/amplitude-collector,0,1909
andrejarmen751/myshell,https://github.com/andrejarmen751/myshell,1,20422
rancher/dartboard,https://github.com/rancher/dartboard,6,147695
noelmugnier/oss.twtr,https://github.com/noelmugnier/oss.twtr,0,9900
lucasguerra12/AV3,https://github.com/lucasguerra12/AV3,0,23625
Blodowica/kb-search-service,https://github.com/Blodowica/kb-search-service,0,2863
torbendury/kube-networkpolicy-denier,https://github.com/torbendury/kube-networkpolicy-denier,2,2024
Qwitter/Qwitter-Testing,https://github.com/Qwitter/Qwitter-Testing,2,30812
lemonson03/load-test-template,https://github.com/lemonson03/load-test-template,0,451
msouza009/curso-k6,https://github.com/msouza009/curso-k6,0,423
CoCreate-app/CoCreate-loadtest,https://github.com/CoCreate-app/CoCreate-loadtest,1,205
edoardocostantinidev/mora,https://github.com/edoardocostantinidev/mora,15,8924
ukaranderohit/k6,https://github.com/ukaranderohit/k6,0,1037
likesistemas/nginx,https://github.com/likesistemas/nginx,0,1613
HeyCW/akademi-koding-performance-testing,https://github.com/HeyCW/akademi-koding-performance-testing,0,15307
getcord/cord,https://github.com/getcord/cord,105,1274328
dave-zack3/MIDS_Projects,https://github.com/dave-zack3/MIDS_Projects,0,47785
data-bass/Malcolm-SpotifyAlbum,https://github.com/data-bass/Malcolm-SpotifyAlbum,0,16428
evc8p/gehtsoft-study,https://github.com/evc8p/gehtsoft-study,0,8745
jihadelsayed/Neetechs_Chain,https://github.com/jihadelsayed/Neetechs_Chain,0,2460
ozontech/seq-db,https://github.com/ozontech/seq-db,98,303776
GuiGoetten/jenner,https://github.com/GuiGoetten/jenner,0,507943
ethanshi2026/Dr_Lin_Class,https://github.com/ethanshi2026/Dr_Lin_Class,0,129147
saint1991/samples,https://github.com/saint1991/samples,0,36882
UrumiAI/starshop,https://github.com/UrumiAI/starshop,0,1721170
woocommerce/woocommerce,https://github.com/woocommerce/woocommerce,10071,1950187
al-mentor/performance-test,https://github.com/al-mentor/performance-test,0,1586
CrispinManda/Talky-the-Project.,https://github.com/CrispinManda/Talky-the-Project.,0,41370
rafaelhbrasil/csharp_async_examples,https://github.com/rafaelhbrasil/csharp_async_examples,0,819
kwishna/Grafana-K6-performance-test,https://github.com/kwishna/Grafana-K6-performance-test,0,7059
dideliba/poc-project,https://github.com/dideliba/poc-project,1,10959
elrison/teste-desempenho-teastore,https://github.com/elrison/teste-desempenho-teastore,0,9343
TheMech4nic/Multi_Vendor_Data_Fetch,https://github.com/TheMech4nic/Multi_Vendor_Data_Fetch,0,1812
spryker/commerce-k6-performance-tests,https://github.com/spryker/commerce-k6-performance-tests,7,20198
jeffotoni/gusermelicrud,https://github.com/jeffotoni/gusermelicrud,4,6084
TQS-03/deti-tqs-03,https://github.com/TQS-03/deti-tqs-03,0,9887
nikunj3011/GameLibrary-netCore,https://github.com/nikunj3011/GameLibrary-netCore,0,211592
mmynor97/ejemploAYD2_S2_2025,https://github.com/mmynor97/ejemploAYD2_S2_2025,0,82209
HazemMourad/LoadTestingPHC,https://github.com/HazemMourad/LoadTestingPHC,0,496525
uc-cdis/gen3-qa,https://github.com/uc-cdis/gen3-qa,6,64550
blueswen/pycon-tw-2024-python-observability,https://github.com/blueswen/pycon-tw-2024-python-observability,11,3382
amzadchoudhary/K6-Scripts,https://github.com/amzadchoudhary/K6-Scripts,0,624
lucasjct/k6-udemy,https://github.com/lucasjct/k6-udemy,0,1519
notmattpress/poocommerce,https://github.com/notmattpress/poocommerce,2,1941251
AimarGomez33/WorkflowDrive,https://github.com/AimarGomez33/WorkflowDrive,0,10729
kjspo56/roma-board,https://github.com/kjspo56/roma-board,0,23523
shamir92/go-boilerplate,https://github.com/shamir92/go-boilerplate,2,4528
Dembrane/echo-gitops,https://github.com/Dembrane/echo-gitops,1,9516
Salonee-Jain/k6,https://github.com/Salonee-Jain/k6,0,26860
Spaceona/backend-go,https://github.com/Spaceona/backend-go,0,2604
suryana-code/Performance-Test-With-K6,https://github.com/suryana-code/Performance-Test-With-K6,1,975
Timsl1401/Kosc-Spitsenspel,https://github.com/Timsl1401/Kosc-Spitsenspel,0,46996
tawargy/SqliteServer,https://github.com/tawargy/SqliteServer,0,2337
hpi-schul-cloud/k6-load-testing-template,https://github.com/hpi-schul-cloud/k6-load-testing-template,0,827
Predrag/loadApiTesting,https://github.com/Predrag/loadApiTesting,0,169183
aziemp66/learn-k6,https://github.com/aziemp66/learn-k6,0,9364
beincom/bic-notification-perf-load,https://github.com/beincom/bic-notification-perf-load,0,125100
JavierSpartan-117/SQA_Semana_9,https://github.com/JavierSpartan-117/SQA_Semana_9,0,101
arnonsang/shadow-ua,https://github.com/arnonsang/shadow-ua,0,20576
AdrianLThomas/presentations,https://github.com/AdrianLThomas/presentations,0,1096
arjunbalussery/kotlin-async,https://github.com/arjunbalussery/kotlin-async,1,2566
chankoo/load-testing-practices,https://github.com/chankoo/load-testing-practices,1,3271
QAInsights/Learn-k6-Series,https://github.com/QAInsights/Learn-k6-Series,42,8860
Saikomes/TestProjects,https://github.com/Saikomes/TestProjects,0,36959
ogulcanfirat00/Interview,https://github.com/ogulcanfirat00/Interview,0,1763
CodeLain/gastos,https://github.com/CodeLain/gastos,0,1506
Smrecz/InfraPoc,https://github.com/Smrecz/InfraPoc,0,209
herbertfaria/Api_Comparison_Performance,https://github.com/herbertfaria/Api_Comparison_Performance,0,11660
opestro/k6-api-stress-test,https://github.com/opestro/k6-api-stress-test,10,327
digitalemil/thegymallinone,https://github.com/digitalemil/thegymallinone,0,67455
zidane-itb/APKS,https://github.com/zidane-itb/APKS,0,1725
sourcegraph/k6,https://github.com/sourcegraph/k6,5,1250
red2n/credentials,https://github.com/red2n/credentials,0,32751
Kong/kong_ai_gateway-portkey-litellm-benchmark,https://github.com/Kong/kong_ai_gateway-portkey-litellm-benchmark,3,2263
DaniTavaresSantos/NotificationService,https://github.com/DaniTavaresSantos/NotificationService,1,1727
rogatka/advertisements,https://github.com/rogatka/advertisements,0,27028
RemoteState/load-testing-tutorial,https://github.com/RemoteState/load-testing-tutorial,0,286
rzenkov/perfplayground,https://github.com/rzenkov/perfplayground,0,4850
drumont/performance-evaluation,https://github.com/drumont/performance-evaluation,0,53
khvalbotaihor/test-api_k6_api_app,https://github.com/khvalbotaihor/test-api_k6_api_app,0,3111
leo-badell/K6-course,https://github.com/leo-badell/K6-course,1,1211
NhanNguyen20/event-planning-management-system,https://github.com/NhanNguyen20/event-planning-management-system,2,83854
Tojaman/KDEV4-TRACKY-BE,https://github.com/Tojaman/KDEV4-TRACKY-BE,0,22202
thandayuthapani/GreenCourier,https://github.com/thandayuthapani/GreenCourier,12,1502033
kalou906/AKIG,https://github.com/kalou906/AKIG,0,582223
JoaoChoma/testedesoftware2025,https://github.com/JoaoChoma/testedesoftware2025,2,18762
GuilhermeCunha79/Test,https://github.com/GuilhermeCunha79/Test,0,151400
HellRok/jstris-companion,https://github.com/HellRok/jstris-companion,1,408
UdayIND/Personalized-Commerce-Platform4.4,https://github.com/UdayIND/Personalized-Commerce-Platform4.4,0,637906
gthaka/k6-basic-auth-sample,https://github.com/gthaka/k6-basic-auth-sample,0,117
Zerokoinhub/app-backend,https://github.com/Zerokoinhub/app-backend,0,7897
SMACAcademy/Mastery-Course-on-Grafana-Labs-k6---Performance-Testing,https://github.com/SMACAcademy/Mastery-Course-on-Grafana-Labs-k6---Performance-Testing,2,11023
ONLYOFFICE/DocSpace-stress-tests,https://github.com/ONLYOFFICE/DocSpace-stress-tests,1,8422
SamikshyaS/loadTest,https://github.com/SamikshyaS/loadTest,0,73
pablotdv/ingressos-cinema,https://github.com/pablotdv/ingressos-cinema,0,77477
thomas-chiang/k6_sharing,https://github.com/thomas-chiang/k6_sharing,0,1151
EduardoRei/TCC-Monolito-Para-Microsservicos,https://github.com/EduardoRei/TCC-Monolito-Para-Microsservicos,0,17502
hyperledger-labs/splice,https://github.com/hyperledger-labs/splice,54,1456886
guilleWR/MantenimientoUMA2324,https://github.com/guilleWR/MantenimientoUMA2324,0,27733
2022-Winter-Bootcamp-team-L/hey_apple,https://github.com/2022-Winter-Bootcamp-team-L/hey_apple,2,5451
YallaPapi/all-purpose,https://github.com/YallaPapi/all-purpose,0,11139489
MrsblR/Autoscaling,https://github.com/MrsblR/Autoscaling,0,2618556
ouehara/tng-rails6,https://github.com/ouehara/tng-rails6,0,505449
