reposit√≥rio,url,arquivos
HariSekhon/Templates,https://github.com/HariSekhon/Templates,k6.js
grafana/setup-k6-action,https://github.com/grafana/setup-k6-action,src/k6.ts
gzydong/go-chat,https://github.com/gzydong/go-chat,k6.js
hari-p8-io/RestVsGrpc,https://github.com/hari-p8-io/RestVsGrpc,k6-grpc.js; k6-rest.js; k6-rest-30tps.js; k6-grpc-ramp.js
grafana/k6-jslib-aws,https://github.com/grafana/k6-jslib-aws,build.mjs
CintyaAprilaFandini/PPL_KUIS-1,https://github.com/CintyaAprilaFandini/PPL_KUIS-1,k6/login.js
ymotongpoo/cndf2023,https://github.com/ymotongpoo/cndf2023,load.js
oreyon/nestjs-11-mikro-orm-10,https://github.com/oreyon/nestjs-11-mikro-orm-10,script.js
6-BARK/neighborhood,https://github.com/6-BARK/neighborhood,testget.js
JohnnyKamigashima/PGATS-k6,https://github.com/JohnnyKamigashima/PGATS-k6,ex04.js; ex06.js; ex07.js
pigfox/grpc-vs-rest,https://github.com/pigfox/grpc-vs-rest,k6/rest.js
armydep/shorten-url,https://github.com/armydep/shorten-url,perf.js
maxoliverbr/k6GithubActions,https://github.com/maxoliverbr/k6GithubActions,k6spike.js
akramahmed1/quantenergx,https://github.com/akramahmed1/quantenergx,k6 load.js
JonathanGunawan30/golang-redis-jwt-session,https://github.com/JonathanGunawan30/golang-redis-jwt-session,script.js
vasusharma-code/DD-Robocon,https://github.com/vasusharma-code/DD-Robocon,loadtest.js
nikoresu/http-concurrency,https://github.com/nikoresu/http-concurrency,load/k6.js
Hermijj/K6Code,https://github.com/Hermijj/K6Code,hello.js
bendbennett/go-api-demo,https://github.com/bendbennett/go-api-demo,k6/get.js
chan4lk/k6-browser-perf-tests,https://github.com/chan4lk/k6-browser-perf-tests,base.js
Fan-Lo/SENG533,https://github.com/Fan-Lo/SENG533,final.js
userwhoga/midka,https://github.com/userwhoga/midka,mvc.js
lucasjct/test-performance,https://github.com/lucasjct/test-performance,script.js
minhduytran/k6,https://github.com/minhduytran/k6,stage.js
ikhairulnizam/k6,https://github.com/ikhairulnizam/k6,script.js
rpp2205-sdc-danakil/brandon-product_overview,https://github.com/rpp2205-sdc-danakil/brandon-product_overview,script.js
levensspel/TutupLapak-Test,https://github.com/levensspel/TutupLapak-Test,main.js
bskjp1004/hhplus-ecommerce-server,https://github.com/bskjp1004/hhplus-ecommerce-server,script.js
Morin90/Node-Pokemon-API,https://github.com/Morin90/Node-Pokemon-API,script.js
Pennsieve/pennsieve-stress-test,https://github.com/Pennsieve/pennsieve-stress-test,upload.js
ddrsdiego/dapr-play-economy,https://github.com/ddrsdiego/dapr-play-economy,script.js
Sr-Shohan/Load_Testing_With_K6,https://github.com/Sr-Shohan/Load_Testing_With_K6,script.js
RPT24TurkishDelight/somebirds-product-accordion,https://github.com/RPT24TurkishDelight/somebirds-product-accordion,script.js
suratinkru/testLoadNodejs,https://github.com/suratinkru/testLoadNodejs,all.js
mentalclear/k6-project,https://github.com/mentalclear/k6-project,stages.js
SilviuCristian45/proiect_tsac,https://github.com/SilviuCristian45/proiect_tsac,main.ts
ranggaadithia/sora-load-test,https://github.com/ranggaadithia/sora-load-test,sample.js
AkLato/k6-ui,https://github.com/AkLato/k6-ui,server.js
orhndmrc/k6Performance,https://github.com/orhndmrc/k6Performance,k6/login.js
magicwarms/k6-load-testing,https://github.com/magicwarms/k6-load-testing,index.js
williamek00/Clustered-Node-JS,https://github.com/williamek00/Clustered-Node-JS,loadtest.js
mateusoliveiraps/k6_estudos,https://github.com/mateusoliveiraps/k6_estudos,k6-smoke.js
nicolevanderhoeven/k6-scripts,https://github.com/nicolevanderhoeven/k6-scripts,mot.js; endtoendloadtesting/home-login.js; ecommerce/sc01-purchase.js
dipakparmar/mta-sts-server,https://github.com/dipakparmar/mta-sts-server,script.js
Ahn-seokjoo/todo-spring,https://github.com/Ahn-seokjoo/todo-spring,script.js
shamir92/project-sprint-team-happy,https://github.com/shamir92/project-sprint-team-happy,w2-tools/k6/script.js
tariqazmat101/k6-websockets-testing,https://github.com/tariqazmat101/k6-websockets-testing,ws.js
Mistyrain520/k6auto,https://github.com/Mistyrain520/k6auto,debug.js
catdevman/oasis,https://github.com/catdevman/oasis,script.js
rpp2204-sdc-caesar/Atelier,https://github.com/rpp2204-sdc-caesar/Atelier,script.js
Code-Nine-FTC/WeatherDataService,https://github.com/Code-Nine-FTC/WeatherDataService,loadtest.js
jalajthanaki/RayServeProdDemo,https://github.com/jalajthanaki/RayServeProdDemo,loadtest.js
TaskTrackersSynchronizer/task-trackers-synchronizer,https://github.com/TaskTrackersSynchronizer/task-trackers-synchronizer,k6.js
rpp2205-sdc-atacama/rpp2205-yui-overview,https://github.com/rpp2205-sdc-atacama/rpp2205-yui-overview,script.js
joeAphiwat/Load-Test,https://github.com/joeAphiwat/Load-Test,login.js
khvalbotaihor/k6_14_05_2025,https://github.com/khvalbotaihor/k6_14_05_2025,groups.js
green-coding-solutions/gmt-load-testing,https://github.com/green-coding-solutions/gmt-load-testing,runs.js
songkg7/spike-test,https://github.com/songkg7/spike-test,script.js
mobsocial/load-tests,https://github.com/mobsocial/load-tests,main.js
ohksj77/k6-load-test,https://github.com/ohksj77/k6-load-test,script.js
parthmern/backendLoadTesting-K6,https://github.com/parthmern/backendLoadTesting-K6,script2.js
momdim/k6_diverse,https://github.com/momdim/k6_diverse,script.js
serezharogozha/soc,https://github.com/serezharogozha/soc,script.js
copyleftdev/k6_project,https://github.com/copyleftdev/k6_project,script.js
zawad08/K6-Tool-scripts,https://github.com/zawad08/K6-Tool-scripts,load.js
mattiaerre/knives-in-block,https://github.com/mattiaerre/knives-in-block,src/App.js
Augustus31/voicechess,https://github.com/Augustus31/voicechess,js/play.js
DendyAR/perpormance-test-k6,https://github.com/DendyAR/perpormance-test-k6,script.js
francobrotto/exp2506,https://github.com/francobrotto/exp2506,stresser.js
pojanjen/K6TestAdonisJs,https://github.com/pojanjen/K6TestAdonisJs,src/bid.js; src/register-and-approve.js
JimenaMarol/G15_ms-compras,https://github.com/JimenaMarol/G15_ms-compras,testk6.js
ucudal/ANDIS2_UT1_DEMO3,https://github.com/ucudal/ANDIS2_UT1_DEMO3,script.js
Ajayan-NTP/hotelApp,https://github.com/Ajayan-NTP/hotelApp,loginout.js
grafana/xk6-output-example,https://github.com/grafana/xk6-output-example,script.js
MuhammadAqil25/SQAMobbi,https://github.com/MuhammadAqil25/SQAMobbi,k6/main.js
Shubhamkunwar10/K6-KDA,https://github.com/Shubhamkunwar10/K6-KDA,Transfer.js
S-Selvanayagam/Transfinitte_2024_StreamSense,https://github.com/S-Selvanayagam/Transfinitte_2024_StreamSense,load.js
dgzlopes/k6-tracing-instrumentation-grpc,https://github.com/dgzlopes/k6-tracing-instrumentation-grpc,example.js
BehzadDara/URLShortener,https://github.com/BehzadDara/URLShortener,stress.js
tinrael/product,https://github.com/tinrael/product,script.js
toddtreece/raftrv,https://github.com/toddtreece/raftrv,k6.js
marinalb/k6CoinMarket,https://github.com/marinalb/k6CoinMarket,k6.js
javiramos1/k6-elasticsearch-k8s,https://github.com/javiramos1/k6-elasticsearch-k8s,run.js
tebrex1995/k6,https://github.com/tebrex1995/k6,groups.js
elrison/test-k6,https://github.com/elrison/test-k6,carga4.js
julien-jungo/k6-example,https://github.com/julien-jungo/k6-example,script.js
felipersas/backend-studies,https://github.com/felipersas/backend-studies,k6/k6.js
markbeep/htmx-blog,https://github.com/markbeep/htmx-blog,e2e/k6.js
chirag416/enrichLabs,https://github.com/chirag416/enrichLabs,loadtest.js
feejunior/k6login,https://github.com/feejunior/k6login,k6token.js
rpt24-donuts/tptDescriptionAndStandards-Proxy,https://github.com/rpt24-donuts/tptDescriptionAndStandards-Proxy,script.js
itsmefdil/k6-load-testing,https://github.com/itsmefdil/k6-load-testing,script.js
vfarcic/k6-demo,https://github.com/vfarcic/k6-demo,simple.js
reevu13/polanji-perf,https://github.com/reevu13/polanji-perf,src/auth.js
LuisKpBeta/url-shortener,https://github.com/LuisKpBeta/url-shortener,load.js
Xfers/pma-loadtest-k6,https://github.com/Xfers/pma-loadtest-k6,script.js
falahsuta/final-thesis-proj,https://github.com/falahsuta/final-thesis-proj,loadtest.js
frevar1975/Clases,https://github.com/frevar1975/Clases,UGRM/Docker-feb-2025/coleccionDockerfiles/bash-tools/templates/k6.js; UGRM/Docker-feb-2025/coleccionDockerfiles/bash-tools/templates/ansible-templates/bash-tools/templates/k6.js
dina2203/rkJava,https://github.com/dina2203/rkJava,lab2_endterm/mvc.js
nandanugg/EniQiloStoreTestCasesPSW2B2,https://github.com/nandanugg/EniQiloStoreTestCasesPSW2B2,script.js
Augustus31/Augustus31.github.io,https://github.com/Augustus31/Augustus31.github.io,chess/js/play.js
ardatan/feTS,https://github.com/ardatan/feTS,benchmark/k6.js
supabase/benchmarks,https://github.com/supabase/benchmarks,examples/supavisor/single-insert/k6/load.js; examples/dashboard/e2e/k6/loader.js; examples/supavisor/simple-select/k6/load.js
s00d/nuxt-i18n-micro,https://github.com/s00d/nuxt-i18n-micro,k6-script.js
saiya/dsps,https://github.com/saiya/dsps,loadtest/loadtest.k6.js
TomWang22/record-platform,https://github.com/TomWang22/record-platform,scripts/load/all-in-one-k6.js
PraveenAsthana123/cypresstesting,https://github.com/PraveenAsthana123/cypresstesting,perf/k6-smoke.js
sehyeogg365/hhplus_ecommerce,https://github.com/sehyeogg365/hhplus_ecommerce,src/main/resources/k6/script.js
saimanikumar67/k6_scripts_testing,https://github.com/saimanikumar67/k6_scripts_testing,k6_postman/k6_cpu_mem_responsetime.js
pcristin/not_golang_contest,https://github.com/pcristin/not_golang_contest,k6_loadtests/loadtest.js
vitingr/educational-api,https://github.com/vitingr/educational-api,k6/finished-weekly-plans/index.ts
nahomaron/anastasia_springboot,https://github.com/nahomaron/anastasia_springboot,performance/k6/scripts/member-performance.js
Magnificent-Malasada/productOverview,https://github.com/Magnificent-Malasada/productOverview,k6/allProducts.js
khulnasoft/kenbench,https://github.com/khulnasoft/kenbench,examples/realtime/rls/terraform/k6/loader.js
wildananugrah/belajar,https://github.com/wildananugrah/belajar,40-learn-alpine-js/day1/k6/auth-basic.js
ren-joey/NestJS_dogcatstar,https://github.com/ren-joey/NestJS_dogcatstar,k6/script.js
mountebank-testing/mountebank,https://github.com/mountebank-testing/mountebank,mbTest/perf/loadTest.js
effectmoe/ai-accounting-system,https://github.com/effectmoe/ai-accounting-system,src/mastra/tools/problem-solving-tools.ts
timpamungkasudemy/ai-assisted-testing-k6,https://github.com/timpamungkasudemy/ai-assisted-testing-k6,k6/004-working-with-http/http-post-one.js; k6/004-working-with-http/ai/ai-http-get-two.js; k6/007-tags/ai/ai-tags-05.js; k6/012-http-redirect/ai/ai-http-redirect-01.js
lionelschiepers/DemoMinimalAPI,https://github.com/lionelschiepers/DemoMinimalAPI,MinimalAPIService.LoadTests/k6.js
sdc-jackson/user-service,https://github.com/sdc-jackson/user-service,stressTest/getScript.js
arn-ob/script-load-testing,https://github.com/arn-ob/script-load-testing,specs/testing_v1/notice-service/hp-skill-notice-service-type-notice.js; specs/parallel/academic/notice-indent-segment-101.js; specs/testing_v1/notice-service/hp-skill-notice-service-notices-ind-segment.js; specs/testing_v1/catalog-service/catalog-service-recommendations.js
DiogoRibeiro7/git-actions-collection,https://github.com/DiogoRibeiro7/git-actions-collection,examples/api-testing/k6-script.js
szypulka/pt-as,https://github.com/szypulka/pt-as,load/single.js
SyBeRGEN/web_tours_k6_test,https://github.com/SyBeRGEN/web_tours_k6_test,utils/httpClient.js
IceScout26/swagger-petstore-sqa,https://github.com/IceScout26/swagger-petstore-sqa,user_s1/userLogin_compatibility.js; user_s1/getUsername_compatibility.js; pet_s3/deletePetId_maintainability.js; pet_s3/putPet_maintainability.js; pet_s3/postPet_performance.js
GHesericsu/cloudStay-PhotoGallery,https://github.com/GHesericsu/cloudStay-PhotoGallery,loadtest.js
Morvie/FeedMessages,https://github.com/Morvie/FeedMessages,scripts/script.js
airellbachtiar/RaffleShopping-Backend,https://github.com/airellbachtiar/RaffleShopping-Backend,.monitoring/scripts/GetAllCatalogsScript.js
NelsonBN/samples-k6-tests,https://github.com/NelsonBN/samples-k6-tests,src/http-requests/verbs-put.js; src/custom-metrics/counter.js
ekacs/K6-script-collection,https://github.com/ekacs/K6-script-collection,sipencatar/skenario3.3.js
J-reyes132/api-test-k6,https://github.com/J-reyes132/api-test-k6,RickMortyCharacterByStatus_script.js
wisehero/hhplus-ecommerce,https://github.com/wisehero/hhplus-ecommerce,k6/coupon_redis.js
Chris-Owusu/k6,https://github.com/Chris-Owusu/k6,cliOptions.js; usingProjectOnCloud.js
biancabelea/Mentum,https://github.com/biancabelea/Mentum,mentum-k6/rest/bookSlot.rest.js
UrumiAI/wc-perf-testing,https://github.com/UrumiAI/wc-perf-testing,requests/shopper/cart-remove-item.js
Dmitry-Boyko/Udemy,https://github.com/Dmitry-Boyko/Udemy,K6/external-json-initial.js; K6/abort.js; K6/groups.js
rpp36-sdc-smtp/smtp-othniel-reviews,https://github.com/rpp36-sdc-smtp/smtp-othniel-reviews,server/K6/putReportScript.js
WizziGameDev/k6-performance-testing,https://github.com/WizziGameDev/k6-performance-testing,fraud-detection-simulation.js
GyanaprakashKhandual/Automation-Functional-Py-Test,https://github.com/GyanaprakashKhandual/Automation-Functional-Py-Test,gmppages/ahm.js
Matrics-io/k6-sdk,https://github.com/Matrics-io/k6-sdk,reportportal/lifecycle-manager.js; http/client.js; templates/scalability.js; templates/capacity.js
bumberboy/xk6-connectrpc,https://github.com/bumberboy/xk6-connectrpc,examples/unary-example.js
eixfix/smcc-load-test,https://github.com/eixfix/smcc-load-test,smoke/bootstrap.ts
up2code/demo-dev-container,https://github.com/up2code/demo-dev-container,spring-boot/k6/perf_api_post_events.js
pagopa/pn-load-test,https://github.com/pagopa/pn-load-test,src/NationalRegistries_Nb.js; src/InteropTracing.js
lucifer3618/next-dev,https://github.com/lucifer3618/next-dev,synthetic-monitoring/k6-monitoring/api-check.js
byounghoon95/concert-ticketing,https://github.com/byounghoon95/concert-ticketing,k6/concert/getAvailableDates.js
FlexNetOS/noa-server,https://github.com/FlexNetOS/noa-server,packages/llama.cpp/tools/server/bench/script.js
nexoqa/nexoqa_training_eng_adv_k6,https://github.com/nexoqa/nexoqa_training_eng_adv_k6,k6/template.js
vfarcic/groundcover-demo,https://github.com/vfarcic/groundcover-demo,k6.js
CrisDev2509/Sistema-Web-Hamburgueseria,https://github.com/CrisDev2509/Sistema-Web-Hamburgueseria,K6/eliminar_proveedor.js
kesen-humblebundle/item-description,https://github.com/kesen-humblebundle/item-description,server/load-testing/get1000RPS.srvc.k6.js
sheikhshack/openrainbow-poc-50.003,https://github.com/sheikhshack/openrainbow-poc-50.003,SystemTests/loadtests/k6testing/api3.js; SystemTests/loadtests/k6testing/sequentialtest.js
aquonAttheHub/data-science-2023-2024,https://github.com/aquonAttheHub/data-science-2023-2024,Machine_Learning_Engineering/PyTorch_FastAPI_Project/load.js
allcleardev/performance-tests,https://github.com/allcleardev/performance-tests,src/modules/check.js
jsvitorm/ponderadasemana9m9,https://github.com/jsvitorm/ponderadasemana9m9,src/soak.js
rpp2205-sdc-atacama/rpp2205-yuchen-QA,https://github.com/rpp2205-sdc-atacama/rpp2205-yuchen-QA,k6/k6-post.js
vifor/faas-to-iaas-migration-framework,https://github.com/vifor/faas-to-iaas-migration-framework,scripts/load-testing/utils/validation.js
spk364/procomp,https://github.com/spk364/procomp,perf/ws/ws_tournament_broadcast.js
snothub/snothub.github.io,https://github.com/snothub/snothub.github.io,loadtest-infra/k6scripts/Biometri/AuthenticationTest.js
jwcastillo/0_to_100_k6,https://github.com/jwcastillo/0_to_100_k6,challengues/ecommerce/base.js
Consensys/codefi-assets-and-payments,https://github.com/Consensys/codefi-assets-and-payments,platform/services/entity-api/k6/utils/kafka.ts; platform/services/entity-api/k6/src/kafka/deleteWallet.ts; payment/services/digital-currency-api/k6/utils/endpoints.ts
lucasonzta/deznity-core,https://github.com/lucasonzta/deznity-core,scripts/setup-cicd.ts
YallaPapi/all-purpose,https://github.com/YallaPapi/all-purpose,services/testing/UEPResilienceTests.ts
S6-LT/LumbridgeTimes,https://github.com/S6-LT/LumbridgeTimes,Testing/LoadTest.js; Testing/SmokeTest.js
dongnguyenduybang/k6-report,https://github.com/dongnguyenduybang/k6-report,revoke-dm-message-reaction/revoke-dm-message-reaction.k6.js; list-channel/list-channel.k6.js
teri0411/Real-time-data-with-serverless,https://github.com/teri0411/Real-time-data-with-serverless,lambda/Websocket/datainsert.js
ttu/securing-web-api,https://github.com/ttu/securing-web-api,scenarios/scenario_3.js
ViktorNovak1/DBI-Projekt-5DHIF-Wintersemester-Novak-Gregorich,https://github.com/ViktorNovak1/DBI-Projekt-5DHIF-Wintersemester-Novak-Gregorich,loadTesting/Find/mongo_ref.js; loadTesting/Find_Aggregation_OfferCount/mongo_ref.js; loadTesting/Find_Aggregation_OfferCount/mongo_ref_index.js; loadTesting/Find/mongo_embed-index.js
kennedyoliveira/hltb-proxy,https://github.com/kennedyoliveira/hltb-proxy,benchmark/benchmark.js
Napat/k6_loadtest,https://github.com/Napat/k6_loadtest,01_basic_k6/01_get.js
srperf/k6Modular,https://github.com/srperf/k6Modular,otherExamples/remoteOptions/Stages.js
criscarlolm/k6-kubernetes-aws-loadtest,https://github.com/criscarlolm/k6-kubernetes-aws-loadtest,eks/js/tcm-6246-aws.js; eks/js/tcm-6440-aws.js
al03022140/devops-web-app,https://github.com/al03022140/devops-web-app,scripts/k6/login-and-list.js
petechain23/K6,https://github.com/petechain23/K6,01-Practices/solace/loadTestSolace.js; 05-OMNI_Modularize_2/v2/flows/pages/outletsSearch.js; 05-OMNI_Modularize_2/draft/edit.js
nadiaalnd/Performance-Test-Adameds-V3,https://github.com/nadiaalnd/Performance-Test-Adameds-V3,src/admisi/igd/regist/Stress.js; src/setting/print-out/get-printout/GetPrintOut.js
rkhokhla/kakeya,https://github.com/rkhokhla/kakeya,load/baseline.js
WhrTvT/hhplus-Ecommerce,https://github.com/WhrTvT/hhplus-Ecommerce,k6/k6-scripts/peak.js
RohitSinghee228/smart-quiz,https://github.com/RohitSinghee228/smart-quiz,load-testing/k6/quiz-viewing.js
farhanlabib/xk6-file-sample-project,https://github.com/farhanlabib/xk6-file-sample-project,pkg/mod/github.com/grafana/xk6-browser@v1.0.2/examples/evaluate.js; pkg/mod/github.com/grafana/xk6-browser@v1.0.2/examples/hosts.js
edusoftpro/js-k6,https://github.com/edusoftpro/js-k6,implementations/it07quality-gate.js; k6-examples/04thresholds/x-thresholds-group-duration.js
anisimov-anthony/assignment-service,https://github.com/anisimov-anthony/assignment-service,scripts/k6/src/setup.js
KakoF/Template_Distributed_Arch,https://github.com/KakoF/Template_Distributed_Arch,Docs/K6/modulo3_conceitos_importantes/aula18.js; Docs/K6/modulo5_conteudo_adicional/aula31.js
KontonGu/MLPerf-Inference-Benchmark-FaST-GShare,https://github.com/KontonGu/MLPerf-Inference-Benchmark-FaST-GShare,resnet/client/fn-k6.js
GiveMeAjob-job/Keycloak,https://github.com/GiveMeAjob-job/Keycloak,k6/scripts/auth-login.js
namkyu1999/backstage-demo,https://github.com/namkyu1999/backstage-demo,script.js
cabinetoffice/GCGS-Central-Digital-Platform,https://github.com/cabinetoffice/GCGS-Central-Digital-Platform,terragrunt/tools/k6/scripts/requests/OrganisationPersons/getOrganisationPersons.js
adhirajkinlekar/docker-tools,https://github.com/adhirajkinlekar/docker-tools,KIB/k6/load.js
PropaneC3H8/TaskManager,https://github.com/PropaneC3H8/TaskManager,loadtest/tasks_k6.js
Informatievlaanderen/registry-testing,https://github.com/Informatievlaanderen/registry-testing,src/address/search.js; src/parcel/list-status.js
aubronsamuel-hash/a,https://github.com/aubronsamuel-hash/a,scripts/k6/smoke.js
UKHO/exchange-set-service,https://github.com/UKHO/exchange-set-service,UKHO.ExchangeSetService.API/UKHO.ExchangeSetService.LoadTests/Scripts/LoadTestForProductVersions.js
Felipe-builder/k6s-study,https://github.com/Felipe-builder/k6s-study,modulo3/1.pratica.js; modulo3/2.pratica.js
ittipol/CICD-GitOps-Observability,https://github.com/ittipol/CICD-GitOps-Observability,k6/scripts/type/soak_testing.js
KMGeon/hhplus-e-commerce,https://github.com/KMGeon/hhplus-e-commerce,k6/couponPublish_spike.js
lyphucloiit/k6-loadtest,https://github.com/lyphucloiit/k6-loadtest,src/helper/assert-helper.ts
0xlildoudou/simple-stress-test,https://github.com/0xlildoudou/simple-stress-test,K6/k6.js
TelenorNorway/docker-for-win-issue-8861,https://github.com/TelenorNorway/docker-for-win-issue-8861,src/main/k6/testcase.js
horadoqa/scripts-k6,https://github.com/horadoqa/scripts-k6,sequencial/script.js
PyRo1121/hetzner,https://github.com/PyRo1121/hetzner,scripts/perf/market-prices.k6.js
glific/k6io,https://github.com/glific/k6io,src/flows/new_contact.ts; src/message.ts
sipe-team/3-1_spurt,https://github.com/sipe-team/3-1_spurt,playground/inspire12/performance-testing-architecture/k6-testing/js/week5/get-order-async.js; playground/inspire12/performance-testing-architecture/k6-testing/js/week3/get-async.js
wildanfaz/be_vehiclerental,https://github.com/wildanfaz/be_vehiclerental,script.js
LUCASCNASC/k6-petstore,https://github.com/LUCASCNASC/k6-petstore,spike/user/get_user_login.js; load/user/delete_user_username.js; load/store/get_store_inventory.js
Zaha250/rg-testing,https://github.com/Zaha250/rg-testing,src/api/modules/common/getSidebarComponents.js
tianling0625/W255repo,https://github.com/tianling0625/W255repo,main/labs/project/load.js
adi-testing/k6-performance-tests,https://github.com/adi-testing/k6-performance-tests,scripts/average_load.js
carloosbaquero/Cliente-TFM,https://github.com/carloosbaquero/Cliente-TFM,loadtest.js
meownguyen1104/PerformanceTest,https://github.com/meownguyen1104/PerformanceTest,Learning/LessonTest.js
keith-liu-seagull-com/codeceptJS-KeithTest,https://github.com/keith-liu-seagull-com/codeceptJS-KeithTest,K6_examples/btctest.js
fahrialfan/Calculate-Payroll-with-API-Published,https://github.com/fahrialfan/Calculate-Payroll-with-API-Published,loginPublic.js
zackerms/k6-playground,https://github.com/zackerms/k6-playground,k6/soak.js
steadybit/examples,https://github.com/steadybit/examples,loadtest/k6-start-experiment/script.js
grafana/xk6-client-prometheus-remote,https://github.com/grafana/xk6-client-prometheus-remote,examples/basic.js
mpowrd/SoftwareMaintenanceAndTesting,https://github.com/mpowrd/SoftwareMaintenanceAndTesting,Practica8/P7/realizarPrediccionEndToEnd.js
kjuiop/live-chat-server,https://github.com/kjuiop/live-chat-server,install/k6/k6-scripts/ws-metrics.js
vfarcic/keda-demo,https://github.com/vfarcic/keda-demo,k6-100.js
6-BARK/PhotoGallery_Proxy,https://github.com/6-BARK/PhotoGallery_Proxy,JD-proxy/k6proxy.js
RayLiu1999/chat_app_backend,https://github.com/RayLiu1999/chat_app_backend,loadtest/scripts/common/utils.js
mmazune/chefcloud,https://github.com/mmazune/chefcloud,perf/scenarios/offline-queue.js
PedroCoelho8/QSOFT-Projeto,https://github.com/PedroCoelho8/QSOFT-Projeto,Part2/documentation/1240485/Performance/k6/STRESS-GET/StressTestGETK6.js; Part1/documentation/1240485/Performance/Testes/k6/POST/SOAK/SoakTestPostK6.js
surajvm1/LearningMicroservices,https://github.com/surajvm1/LearningMicroservices,businessMicroservice/apiLoadTest/k6LoadTest.js
Icarus-AI-Technology/icarus-,https://github.com/Icarus-AI-Technology/icarus-,tools/qa/check-deps.js
Challe-P/report-load-tests,https://github.com/Challe-P/report-load-tests,script-html-report.js
joergstreeck/freshplan-sales-tool,https://github.com/joergstreeck/freshplan-sales-tool,docs/planung/features-neu/00_infrastruktur/leistung/artefakte/testing/peak-4x.js; docs/planung/features-neu/02_neukundengewinnung/shared/performance/leads_scenario.js
leviysoft/mockingbird,https://github.com/leviysoft/mockingbird,backend/integrationTests/k6/v4/responseMode/streamOutputForUnaryConnection.js
venuthomas/API_7_Ways,https://github.com/venuthomas/API_7_Ways,K6Testing/DeleteEmployeeK6/DeleteEmployeeMinimal.js; K6Testing/GetAllEmployeeK6/GetAllEmployeeController.js
afiffahreza/online-AutoLog,https://github.com/afiffahreza/online-AutoLog,k6/generate-load.js
priyanshuagrawal17/multi-vendor-service,https://github.com/priyanshuagrawal17/multi-vendor-service,loadtest/loadtest.js
go-automate/k6-typescript-framework,https://github.com/go-automate/k6-typescript-framework,src/actions/user-management.actions.ts
bcwilsondotcom/nx-monorepo-template,https://github.com/bcwilsondotcom/nx-monorepo-template,tools/performance/api-load.js
YouSangSon/test_tools,https://github.com/YouSangSon/test_tools,k6/utils/helpers.js
JamesGrant1811/k6-udemy,https://github.com/JamesGrant1811/k6-udemy,random-sleep.js; custom-metrics-example.js; custom-tags.js
yogibaba2/k6-mnee,https://github.com/yogibaba2/k6-mnee,src/controllers/wocController.js
van1164/AllYouRaffle-BE,https://github.com/van1164/AllYouRaffle-BE,k6_executor/purchase.js
matejuh/demo-gateway,https://github.com/matejuh/demo-gateway,perf/docker.js
HuaHsuan-Liang/ScaleableResourceForDocker,https://github.com/HuaHsuan-Liang/ScaleableResourceForDocker,ENV_Docker/script.js
ruvnet/ruvector,https://github.com/ruvnet/ruvector,benchmarks/benchmark-runner.ts
hanghae-plus-5th/hhplus-e-commerce,https://github.com/hanghae-plus-5th/hhplus-e-commerce,k6/product/getTopProducts.js
UKHO/erp-facade,https://github.com/UKHO/erp-facade,Performance Script/Scripts/S100/S100WebhookLoadTestWith2rps.js
mtafasahin/examapp,https://github.com/mtafasahin/examapp,k6/k6-script.js
brodo/kubectl-k6,https://github.com/brodo/kubectl-k6,examples/get_nodes/GetNodes.js
AratKruglik/octane-tests,https://github.com/AratKruglik/octane-tests,k6/k6_2.js
data-altinn-no/k6-tests,https://github.com/data-altinn-no/k6-tests,testCreateHarvestDelete.js
DFE-Digital/academies-api,https://github.com/DFE-Digital/academies-api,Dfe.Academies.Performance/scripts/v1/keyStagePerformance.js
clusterspace-io/SuperQueue,https://github.com/clusterspace-io/SuperQueue,loadtest/swarm.js
Interstellarss/faas-share-test,https://github.com/Interstellarss/faas-share-test,profiling/k6-tmp.js; profiling/k6-c.js
shardie-github/WhatsForDinner,https://github.com/shardie-github/WhatsForDinner,packages/testing/perf/scenarios.ts
zapier/prom-aggregation-gateway,https://github.com/zapier/prom-aggregation-gateway,benchmarking/no_labels.js
lelold/pvz,https://github.com/lelold/pvz,loadtest/loadtest_dummyLogin.js
julianshen/yatagarasu,https://github.com/julianshen/yatagarasu,k6-streaming.js
erickgualpa/real-time-backend,https://github.com/erickgualpa/real-time-backend,k6/publish-events.js
cortezalberto/pruebaMar,https://github.com/cortezalberto/pruebaMar,spike_testing.js
zitadel/zitadel,https://github.com/zitadel/zitadel,benchmark/src/user.ts; benchmark/src/use_cases/manipulate_user.ts
kucukaslan/clickhouse,https://github.com/kucukaslan/clickhouse,loadtests/spike.js
Arch-Frost/Tripify,https://github.com/Arch-Frost/Tripify,server/k6_Testing/deleteUser.js
ChervyachokMigo/osu-tools,https://github.com/ChervyachokMigo/osu-tools,built/consts/modes.js
fernandoescolar/xk6-azservicebus,https://github.com/fernandoescolar/xk6-azservicebus,examples/queue_single_string_message.js; examples/bug_application_properties.js
PurpleFishh/muzici,https://github.com/PurpleFishh/muzici,backend-module/testing/statistics_testing.js
Themba47622/k6-load-testing-example,https://github.com/Themba47622/k6-load-testing-example,scripts/Example2.js
PrudhviRajMukiri23/Polestar-Assignment,https://github.com/PrudhviRajMukiri23/Polestar-Assignment,k6/scripts/script-auth.js
com-junkawasaki/fcdb,https://github.com/com-junkawasaki/fcdb,loadtest/k6_3hop.js
HappyPathsOnly/k6-more-examples,https://github.com/HappyPathsOnly/k6-more-examples,checks/check-ensure_failure.js; thresholds/threshold-abortOnFail.js; parallel-calls/sequential-01.js
RafaelFerSilva/k6,https://github.com/RafaelFerSilva/k6,curso_k6/modulo3/10-groups.js
sf1tzp/symbology,https://github.com/sf1tzp/symbology,infra/testing/coverage.ts
pdellaert/fbw-aircraft-git-lfs,https://github.com/pdellaert/fbw-aircraft-git-lfs,fbw-a380x/src/systems/fmgc/src/flightplanning/new/segments/enroute/WaypointLoading.spec.ts
sardagsoftware/borsa,https://github.com/sardagsoftware/borsa,perf/k6/track_logistics.js
vunetsystems/Load-Testing-Tool,https://github.com/vunetsystems/Load-Testing-Tool,k6_final/k6_dashboard_name/traces/trace-service-catalog.js
Theory903/Project-Suuupra,https://github.com/Theory903/Project-Suuupra,tools/testing/k6/identity-token.js
narender-kumar-asurion/search-poc,https://github.com/narender-kumar-asurion/search-poc,scripts/bench/k6-search-smoke.js
HugoBouttes/poc-queen-mongodb,https://github.com/HugoBouttes/poc-queen-mongodb,Scripts/script9.js
nadiaalnd/Performance-Test-Adamlabs-Demo,https://github.com/nadiaalnd/Performance-Test-Adamlabs-Demo,scripts/patient/GetAllPatient.js
JS-Ranker/Monitoreo_k6,https://github.com/JS-Ranker/Monitoreo_k6,Monitoreo_k6/steps/addToCart.js; Monitoreo_k6/steps/submitLogin.js
dhalexkim/k6-demo,https://github.com/dhalexkim/k6-demo,scripts/http/examples/example03.js
eswaryalakanti/Learning-Management-system,https://github.com/eswaryalakanti/Learning-Management-system,Server/controllers/user.controller.js
hr-rfp55-sdc2-cucco/questions-answers-endpoint,https://github.com/hr-rfp55-sdc2-cucco/questions-answers-endpoint,script.js
LauroDF/FinalChallenge,https://github.com/LauroDF/FinalChallenge,projeto-ServeRest-k6/support/utils/Delete-User.js
PacktPublishing/Implementing-Event-Driven-Architecture-in-.NET-5,https://github.com/PacktPublishing/Implementing-Event-Driven-Architecture-in-.NET-5,ch03/benchmark/http_get.js
kyourselfer/OTUS_SRE202207,https://github.com/kyourselfer/OTUS_SRE202207,Project/env/LoadTest/front-app.js
Ensembl/ensembl-dauphin-style-compiler,https://github.com/Ensembl/ensembl-dauphin-style-compiler,peregrine-generic/script.js
PraveenAsthana123/playtest,https://github.com/PraveenAsthana123/playtest,perf/k6-smoke.js
carlbray/mountebank,https://github.com/carlbray/mountebank,mbTest/perf/loadTest.js
ibnc/mountebankMongo,https://github.com/ibnc/mountebankMongo,test/perf/loadTest.js
woocommerce/woocommerce,https://github.com/woocommerce/woocommerce,plugins/woocommerce/tests/performance/requests/shopper/cart-remove-item.js
notmattpress/poocommerce,https://github.com/notmattpress/poocommerce,plugins/woocommerce/tests/performance/requests/shopper/cart-remove-item.js
UrumiAI/starshop,https://github.com/UrumiAI/starshop,plugins/woocommerce/tests/performance/requests/shopper/cart-remove-item.js
ljvillarrealv/grafanak6,https://github.com/ljvillarrealv/grafanak6,k6/json_external/external-json-initial.js
skgmfbs/ItHink,https://github.com/skgmfbs/ItHink,k6example/example/external-json-initial.js; k6example/example/custom-metrics-example.js
milind1213/MG-BDD,https://github.com/milind1213/MG-BDD,tests/performance/data-external-initial.js
marlo2222/curso-teste-performance-k6,https://github.com/marlo2222/curso-teste-performance-k6,modulo3_conceitos_importantes/aula18.js
thiagoluzia/CursoK6.,https://github.com/thiagoluzia/CursoK6.,modulo3_conceitos_importantes/aula18.js
tonnarruda/k6_performanceTesting,https://github.com/tonnarruda/k6_performanceTesting,modulo3_conceitos_importantes/aula18.js
KontonGu/HAS-GPU,https://github.com/KontonGu/HAS-GPU,konton_test/resnet/client/fn-k6.js
inspire12/performance-testing-architecture,https://github.com/inspire12/performance-testing-architecture,k6-testing/js/week3/get-async.js
paulojr83/k6-typescript,https://github.com/paulojr83/k6-typescript,src/actions/user-management.actions.ts
matfritzen/k6-tests,https://github.com/matfritzen/k6-tests,random-sleep.js
23navi/k6,https://github.com/23navi/k6,parameters/random-sleep.js
SaifAutomatron/k6,https://github.com/SaifAutomatron/k6,fundamentals/random-sleep.js; fundamentals/custom-metrics-example.js
trangle-sioux/k6-performance,https://github.com/trangle-sioux/k6-performance,tests/section5/random-sleep.js
any4ai/AnyCrawl,https://github.com/any4ai/AnyCrawl,scripts/k6.js
bcgov/healthgateway,https://github.com/bcgov/healthgateway,Testing/k6/covid/federalpvc/k6_pvcpdf.js
buildfarm/buildfarm,https://github.com/buildfarm/buildfarm,contrib/k6/missingblobs.js
voluntarily/vly2,https://github.com/voluntarily/vly2,x/perf/k6/api_people.js
firmansyah-github/quarkus-generated-test,https://github.com/firmansyah-github/quarkus-generated-test,src/main/k6/factor.articles.k6.collection.js
marcosborges/terraform-aws-loadtest-distribuited,https://github.com/marcosborges/terraform-aws-loadtest-distribuited,examples/plan/k6/basic.js
getcord/cord,https://github.com/getcord/cord,ops/aws/src/radical-stack/ec2/zero.ts
f-lab-edu/baller,https://github.com/f-lab-edu/baller,script/k6/script.js
sivaprkolli/k6_sample_tests,https://github.com/sivaprkolli/k6_sample_tests,verify_post_request.js
Umbra-Team/Umbra,https://github.com/Umbra-Team/Umbra,load-testing/api-crud-operations-k6.js
olgaStadnyk/k6-learning,https://github.com/olgaStadnyk/k6-learning,project/pages/api/logout.js
iago-abner/k6,https://github.com/iago-abner/k6,examples/experimental/browser.js
metrico/qryn-bench,https://github.com/metrico/qryn-bench,loki/qryn-loki-loadtest.js
davidlimacardoso/k6-multi-load-tests,https://github.com/davidlimacardoso/k6-multi-load-tests,src/scenarios/jsonplaceholder/jsonplaceholder_del_post.js
fishperson113/ticklab-challenge,https://github.com/fishperson113/ticklab-challenge,perf/script.js
Krithikeswaranmk/final_helyxon,https://github.com/Krithikeswaranmk/final_helyxon,.history/src/services/langchainLocalService_20250610195317.ts; .history/src/services/langchainLocalService_20250610092951.ts
avp365/hl-sn,https://github.com/avp365/hl-sn,.infra/srv/k6/scripts/1000r.js
wnmay/horo,https://github.com/wnmay/horo,stresstest.js
duongnv129/ory-self-hosted,https://github.com/duongnv129/ory-self-hosted,keto-zanziban-multi-tenancy-rbac-per-resource/loadtest/k6/scenarios/scenario3-resource-scaling.js
ntt-dkiku/chaos-eater,https://github.com/ntt-dkiku/chaos-eater,results/gpt-4o-2024-08-06-nginx-1/unittest_ServiceAvailabilityNginxServiceYaml_mod0.js
igorbrandao18/watch-test-backend,https://github.com/igorbrandao18/watch-test-backend,k6/user-actions.js
raphaelkauan/test-web-k6,https://github.com/raphaelkauan/test-web-k6,signup.js
Ranj0z/Events-Ticketing-System,https://github.com/Ranj0z/Events-Ticketing-System,Performance/Breakpoint/event.get.breakpoint.ts
mussebekabil/messaging-app,https://github.com/mussebekabil/messaging-app,k6-scripts/main-page.js
shardie-github/AgentMeshCloud,https://github.com/shardie-github/AgentMeshCloud,digital-twin/src/config/index.ts
yudas-programador/Pruebas-de-integracion,https://github.com/yudas-programador/Pruebas-de-integracion,carga_dashboard.js
rickythink/db-benchmark,https://github.com/rickythink/db-benchmark,ignite/benchmark.js
estebandonis/ProyectoFinal-IngenieriaDeSoftware-backend,https://github.com/estebandonis/ProyectoFinal-IngenieriaDeSoftware-backend,funcionalTesting/loadTest.js
NashTech-Labs/grafana-k6,https://github.com/NashTech-Labs/grafana-k6,Tags and Group/group.js
rancher/dartboard,https://github.com/rancher/dartboard,k6/schemas/verify_schemas.js
Abhay2412/SENG533FinalProject,https://github.com/Abhay2412/SENG533FinalProject,scripts/OLD/numberofVUs/constantVUs/10VUs.js
GualterAlbino/WebServiceK6,https://github.com/GualterAlbino/WebServiceK6,Fluxos/Fluxos.js
arslanrao991/zzreal_worriors,https://github.com/arslanrao991/zzreal_worriors,arslan_phase3/k6_viewReports.js
andrejarmen751/myshell,https://github.com/andrejarmen751/myshell,modules/docker/k6/scripts/httpd-pro-a/httpd-pro-a.js
epoch8/amplitude-collector,https://github.com/epoch8/amplitude-collector,perf/script.js
noelmugnier/oss.twtr,https://github.com/noelmugnier/oss.twtr,dotnet/OSS.Twtr.Api/load.js
Qwitter/Qwitter-Testing,https://github.com/Qwitter/Qwitter-Testing,Stress/scripts/auth/check-existence.js; Stress/scripts/auth/username-suggestions.js
lucasguerra12/AV3,https://github.com/lucasguerra12/AV3,teste_carga.js
Blodowica/kb-search-service,https://github.com/Blodowica/kb-search-service,Search service/SearchingServicePOC/LoadTests/movietest.js
torbendury/kube-networkpolicy-denier,https://github.com/torbendury/kube-networkpolicy-denier,hack/k6/breakpoint.js; hack/k6/spike.js
lemonson03/load-test-template,https://github.com/lemonson03/load-test-template,load-api/src/index.js
msouza009/curso-k6,https://github.com/msouza009/curso-k6,conteudo_adicional/aula01.js
CoCreate-app/CoCreate-loadtest,https://github.com/CoCreate-app/CoCreate-loadtest,http_post.js
edoardocostantinidev/mora,https://github.com/edoardocostantinidev/mora,k6/api.js
ukaranderohit/k6,https://github.com/ukaranderohit/k6,26_random_sleep.js
likesistemas/nginx,https://github.com/likesistemas/nginx,k6/index.js
dave-zack3/MIDS_Projects,https://github.com/dave-zack3/MIDS_Projects,ML_Systems_Engineering/final_project/load.js
HeyCW/akademi-koding-performance-testing,https://github.com/HeyCW/akademi-koding-performance-testing,home/spike-testing.js
data-bass/Malcolm-SpotifyAlbum,https://github.com/data-bass/Malcolm-SpotifyAlbum,database/stressTesting/ksixScript.js
evc8p/gehtsoft-study,https://github.com/evc8p/gehtsoft-study,src/main/java/com/evch/rrm/webserver/k6/loadtest1.js
ethanshi2026/Dr_Lin_Class,https://github.com/ethanshi2026/Dr_Lin_Class,exercise_11/load/k6/coach_scenario_debug.js
ozontech/seq-db,https://github.com/ozontech/seq-db,benchmarks/k6/seq-db-aggs-min-by-status.js
jihadelsayed/Neetechs_Chain,https://github.com/jihadelsayed/Neetechs_Chain,neetechs/scripts/perf/k6_publish_buy_play.js
saint1991/samples,https://github.com/saint1991/samples,k6/src/libs/apis/schema.ts
GuiGoetten/jenner,https://github.com/GuiGoetten/jenner,k6/teste.js
kwishna/Grafana-K6-performance-test,https://github.com/kwishna/Grafana-K6-performance-test,src/course-tutorial/code--001.js
CrispinManda/Talky-the-Project.,https://github.com/CrispinManda/Talky-the-Project.,backend/src/k6_performance/getprojects.js
al-mentor/performance-test,https://github.com/al-mentor/performance-test,DeepLinking/user-link.js
nikunj3011/GameLibrary-netCore,https://github.com/nikunj3011/GameLibrary-netCore,YAPW.LoadTesting/stresstesting.js
dideliba/poc-project,https://github.com/dideliba/poc-project,stressTests/readTest.js
rafaelhbrasil/csharp_async_examples,https://github.com/rafaelhbrasil/csharp_async_examples,AsyncBenchmarks.WebApi/k6/async.js
mmynor97/ejemploAYD2_S2_2025,https://github.com/mmynor97/ejemploAYD2_S2_2025,Clase10_pruebasNoFuncionales/pruebaStress/pruebaStress.js
spryker/commerce-k6-performance-tests,https://github.com/spryker/commerce-k6-performance-tests,src/pages/bo/merchant-sales.page.js
elrison/teste-desempenho-teastore,https://github.com/elrison/teste-desempenho-teastore,k6-teastore/teste-carga-simples.js
jeffotoni/gusermelicrud,https://github.com/jeffotoni/gusermelicrud,k6/script-post.js
TheMech4nic/Multi_Vendor_Data_Fetch,https://github.com/TheMech4nic/Multi_Vendor_Data_Fetch,loadtest/script.js
uc-cdis/gen3-qa,https://github.com/uc-cdis/gen3-qa,load-testing/metadata-service/create-and-query.js
TQS-03/deti-tqs-03,https://github.com/TQS-03/deti-tqs-03,loadTests/reserveStation.js
HazemMourad/LoadTestingPHC,https://github.com/HazemMourad/LoadTestingPHC,LoginandpatietSpike.js
thandayuthapani/GreenCourier,https://github.com/thandayuthapani/GreenCourier,Load-Generator-Tool/k6gRPCClientBasic/funcinvoker.js
blueswen/pycon-tw-2024-python-observability,https://github.com/blueswen/pycon-tw-2024-python-observability,k6-script.js
Timsl1401/Kosc-Spitsenspel,https://github.com/Timsl1401/Kosc-Spitsenspel,scripts/k6-dashboard.js
ouehara/tng-rails6,https://github.com/ouehara/tng-rails6,terraform-wizstg/dev/k6-simple.js
amzadchoudhary/K6-Scripts,https://github.com/amzadchoudhary/K6-Scripts,login.js
Dembrane/echo-gitops,https://github.com/Dembrane/echo-gitops,scripts/k6/sendChunks.js
lucasjct/k6-udemy,https://github.com/lucasjct/k6-udemy,concepts/scenarios/03-constant-vus.js
jeromeguillaume/kong-plugin-soap-xml-handling,https://github.com/jeromeguillaume/kong-plugin-soap-xml-handling,loadtesting/k6/scen0.js
kjspo56/roma-board,https://github.com/kjspo56/roma-board,backend/scripts/sample.js
AimarGomez33/WorkflowDrive,https://github.com/AimarGomez33/WorkflowDrive,scripts/stress.js
Spaceona/backend-go,https://github.com/Spaceona/backend-go,loadtesting/hourTest.js
shamir92/go-boilerplate,https://github.com/shamir92/go-boilerplate,tools/qa/load/ping_usecase.js
Salonee-Jain/k6,https://github.com/Salonee-Jain/k6,admin-portal/customer/loginFlow.js
QAInsights/Learn-k6-Series,https://github.com/QAInsights/Learn-k6-Series,helloWorld/hello.js
suryana-code/Performance-Test-With-K6,https://github.com/suryana-code/Performance-Test-With-K6,withVus.js
tawargy/SqliteServer,https://github.com/tawargy/SqliteServer,deprecated/benchmark4.js
Predrag/loadApiTesting,https://github.com/Predrag/loadApiTesting,loadTesty.js
hpi-schul-cloud/k6-load-testing-template,https://github.com/hpi-schul-cloud/k6-load-testing-template,pages/homepage.js
aziemp66/learn-k6,https://github.com/aziemp66/learn-k6,belajar-k6/src/ping.js
beincom/bic-notification-perf-load,https://github.com/beincom/bic-notification-perf-load,src/scenarios/answer-quiz.scenarios.ts
JavierSpartan-117/SQA_Semana_9,https://github.com/JavierSpartan-117/SQA_Semana_9,pruebaCarrito.js
digitalemil/thegymallinone,https://github.com/digitalemil/thegymallinone,k6/sensitive.js
arnonsang/shadow-ua,https://github.com/arnonsang/shadow-ua,src/exports/index.ts
Saikomes/TestProjects,https://github.com/Saikomes/TestProjects,k6/outdatedScripts/withJSON90.js
AdrianLThomas/presentations,https://github.com/AdrianLThomas/presentations,slides/load-testing-with-k6/scripts/delays-and-errors-example.js
arjunbalussery/kotlin-async,https://github.com/arjunbalussery/kotlin-async,kotlin/k6/loadtestcoroutine.js
chankoo/load-testing-practices,https://github.com/chankoo/load-testing-practices,k6/k6-script-chat.js
rogatka/advertisements,https://github.com/rogatka/advertisements,load-testing/increment-views-kafka.js
hyperledger-labs/splice,https://github.com/hyperledger-labs/splice,load-tester/src/client/http.ts
CodeLain/gastos,https://github.com/CodeLain/gastos,loadTest.js
ogulcanfirat00/Interview,https://github.com/ogulcanfirat00/Interview,Perf_Testing_Script.js
herbertfaria/Api_Comparison_Performance,https://github.com/herbertfaria/Api_Comparison_Performance,Code/testes-carga/net.js
Smrecz/InfraPoc,https://github.com/Smrecz/InfraPoc,InfrastructureTestApi/k6/loadtest.js
opestro/k6-api-stress-test,https://github.com/opestro/k6-api-stress-test,stage_100_vus.js
zidane-itb/APKS,https://github.com/zidane-itb/APKS,scripts/use_case_2.js
UdayIND/Personalized-Commerce-Platform4.4,https://github.com/UdayIND/Personalized-Commerce-Platform4.4,benchmarks/k6/cache-read.js
red2n/credentials,https://github.com/red2n/credentials,apps/api/simple-loadtest.js
sourcegraph/k6,https://github.com/sourcegraph/k6,scripts/stress.js
DaniTavaresSantos/NotificationService,https://github.com/DaniTavaresSantos/NotificationService,LoadTest/loadtest_script.js
Kong/kong_ai_gateway-portkey-litellm-benchmark,https://github.com/Kong/kong_ai_gateway-portkey-litellm-benchmark,k6/wiremock.js
rzenkov/perfplayground,https://github.com/rzenkov/perfplayground,jooq-user.js
RemoteState/load-testing-tutorial,https://github.com/RemoteState/load-testing-tutorial,performanceTests/singleAPILoadTest.js
khvalbotaihor/test-api_k6_api_app,https://github.com/khvalbotaihor/test-api_k6_api_app,http-get.js
drumont/performance-evaluation,https://github.com/drumont/performance-evaluation,hospital-manager/admin-search-scenario.js
kalou906/AKIG,https://github.com/kalou906/AKIG,ops/k6/payments_load.js
leo-badell/K6-course,https://github.com/leo-badell/K6-course,Using_Parameters/random-sleep.js
guilleWR/MantenimientoUMA2324,https://github.com/guilleWR/MantenimientoUMA2324,practica8/LoginTest.js
NhanNguyen20/event-planning-management-system,https://github.com/NhanNguyen20/event-planning-management-system,server/K6TestingScript/LoadTesting/scenario1.js
Tojaman/KDEV4-TRACKY-BE,https://github.com/Tojaman/KDEV4-TRACKY-BE,stressTest/scripts/script2.js
JoaoChoma/testedesoftware2025,https://github.com/JoaoChoma/testedesoftware2025,SEMANA16/k6/script.js
LukhasAI/Lukhas,https://github.com/LukhasAI/Lukhas,load/spike.js
GuilhermeCunha79/Test,https://github.com/GuilhermeCunha79/Test,QSOFT20252026_202-main/Part1/documentation/AndreReis1191256/performanceTests/k6/GET_stressTest.js
agussyahrilmubarok/course-assignments,https://github.com/agussyahrilmubarok/course-assignments,fc-msa-gocoupon/k6/v1/101-testIssueCoupon_whenHave10QoutaAnd100Request.js; fc-msa-gocoupon/k6/v4/01-testCouponPolicyDummy_shouldSuccess.js
HellRok/jstris-companion,https://github.com/HellRok/jstris-companion,jstris-companion.js
janbraunsdorff/catan,https://github.com/janbraunsdorff/catan,.telemetry/k6/script.js
gthaka/k6-basic-auth-sample,https://github.com/gthaka/k6-basic-auth-sample,script.js
Zerokoinhub/app-backend,https://github.com/Zerokoinhub/app-backend,loadtest.js
SMACAcademy/Mastery-Course-on-Grafana-Labs-k6---Performance-Testing,https://github.com/SMACAcademy/Mastery-Course-on-Grafana-Labs-k6---Performance-Testing,0-Demo-Files/7-modules/module-http-batch.js
ONLYOFFICE/DocSpace-stress-tests,https://github.com/ONLYOFFICE/DocSpace-stress-tests,FolderMy/openedit.js
pablotdv/ingressos-cinema,https://github.com/pablotdv/ingressos-cinema,src/loadtest.js
EduardoRei/TCC-Monolito-Para-Microsservicos,https://github.com/EduardoRei/TCC-Monolito-Para-Microsservicos,Ecommerce/Testes/Microsservico/MicrosservicoStressTest.js
SamikshyaS/loadTest,https://github.com/SamikshyaS/loadTest,websiteurl.js
MrsblR/Autoscaling,https://github.com/MrsblR/Autoscaling,autoscaling-cloudrun-pulumi/scripts/loadtest.js
thomas-chiang/k6_sharing,https://github.com/thomas-chiang/k6_sharing,3.3.metric&custom-metrics.js
2022-Winter-Bootcamp-team-L/hey_apple,https://github.com/2022-Winter-Bootcamp-team-L/hey_apple,script.js
