repositório,url,arquivos
HariSekhon/Templates,https://github.com/HariSekhon/Templates,k6.js
grafana/setup-k6-action,https://github.com/grafana/setup-k6-action,src/k6.ts
hari-p8-io/RestVsGrpc,https://github.com/hari-p8-io/RestVsGrpc,k6-grpc.js; k6-rest-100tps.js; k6-grpc-20tps.js; k6-grpc-ramp.js; k6-rest-30tps.js
urykhy/stuff,https://github.com/urykhy/stuff,grpc/k6.js
grafana/k6-jslib-aws,https://github.com/grafana/k6-jslib-aws,build.mjs
shamir92/project-sprint-team-happy,https://github.com/shamir92/project-sprint-team-happy,w3-tools/k6/script.js
go-sigma/sigma,https://github.com/go-sigma/sigma,e2e/sc.js
adko99/loadtesting,https://github.com/adko99/loadtesting,task2.js
dunghcmut/BEne,https://github.com/dunghcmut/BEne,loadtest.js
m8/cpp_rest,https://github.com/m8/cpp_rest,bench.js
tais-santos-silva/k6,https://github.com/tais-santos-silva/k6,aula15.js; aula10.js
matt-churcher/k6,https://github.com/matt-churcher/k6,local.js
frankmendonca/k6-poc,https://github.com/frankmendonca/k6-poc,index.js
ycchuang99/opentelemetry-laravel-apm,https://github.com/ycchuang99/opentelemetry-laravel-apm,k6.js
SheikhSuhail19/Grafana-k6-Learning,https://github.com/SheikhSuhail19/Grafana-k6-Learning,script.js
Henriquedev0/K6_project,https://github.com/Henriquedev0/K6_project,Aula001.js
hoyirul/laravel9-starter-stisla,https://github.com/hoyirul/laravel9-starter-stisla,k6/main.js
tus/load-tester,https://github.com/tus/load-tester,uploads.js
vfarcic/k6-demo,https://github.com/vfarcic/k6-demo,simple.js
localstack-samples/serverless-data-processing-pipeline,https://github.com/localstack-samples/serverless-data-processing-pipeline,loadtest.js
chan4lk/k6-browser-perf-tests,https://github.com/chan4lk/k6-browser-perf-tests,stages.js
Leonchik14/AnonymousChat,https://github.com/Leonchik14/AnonymousChat,k6.js
Astrotomic/opendor.me,https://github.com/Astrotomic/opendor.me,k6.js
MattPChoy/MicroserviceArchitecture,https://github.com/MattPChoy/MicroserviceArchitecture,src/soak.js; src/constantLoad.js
logsk85-wq/iagentic,https://github.com/logsk85-wq/iagentic,k6.js
skursatToklucu/LoadProbe,https://github.com/skursatToklucu/LoadProbe,stress.js
6-BARK/neighborhood,https://github.com/6-BARK/neighborhood,testget.js
JohnnyKamigashima/PGATS-k6,https://github.com/JohnnyKamigashima/PGATS-k6,ex07.js
Zhao-Hansi/K6-test-demo,https://github.com/Zhao-Hansi/K6-test-demo,script.js
danthegoodman1/EpicEpoch,https://github.com/danthegoodman1/EpicEpoch,k6-perf.js
Prakash-Achanta/k6-test,https://github.com/Prakash-Achanta/k6-test,graphql.js; test-graphql.js
parthmern/backendLoadTesting-K6,https://github.com/parthmern/backendLoadTesting-K6,script1.js
SumanReddy568/cheatcode,https://github.com/SumanReddy568/cheatcode,function.js
kotoant/spring-petclinic-rest,https://github.com/kotoant/spring-petclinic-rest,script.js
furkannzmnn/k6-load-test,https://github.com/furkannzmnn/k6-load-test,script.js
MuhammadAqil25/SQAMobbi,https://github.com/MuhammadAqil25/SQAMobbi,k6/Belajar/cloud.js
Qubicon/QuickLink-TSS,https://github.com/Qubicon/QuickLink-TSS,k6/load.js
gino79445/Canchu,https://github.com/gino79445/Canchu,script.js
epomatti/aks-autoscaler-metrics,https://github.com/epomatti/aks-autoscaler-metrics,k6.js
ifpebj-ti/Modulo_Frontend-CRM,https://github.com/ifpebj-ti/Modulo_Frontend-CRM,k6.js
MilanDean/cloud-distilBERT-MLsystems,https://github.com/MilanDean/cloud-distilBERT-MLsystems,load.js
7etrahedral/k6-script,https://github.com/7etrahedral/k6-script,script.js
yosilia/ecommerce-full-site,https://github.com/yosilia/ecommerce-full-site,script.js
programadriano/k6-loadtest-net6-heroku,https://github.com/programadriano/k6-loadtest-net6-heroku,index.js
prastamaha/envelope-encryption-example,https://github.com/prastamaha/envelope-encryption-example,script.js
hauzanrafiattallah/spring-redis-compare,https://github.com/hauzanrafiattallah/spring-redis-compare,script.js
hakimamarullah/docker-kingdom,https://github.com/hakimamarullah/docker-kingdom,script.js
tadeifelipe/e_wallet,https://github.com/tadeifelipe/e_wallet,script.js
Rilok21/k6-with-grafana,https://github.com/Rilok21/k6-with-grafana,script.js
claudioStahl/kafka_sync,https://github.com/claudioStahl/kafka_sync,k6.js
cluesurf/tone,https://github.com/cluesurf/tone,index.ts
Cmdmdz/script-k6,https://github.com/Cmdmdz/script-k6,Auth.js
userwhoga/midka,https://github.com/userwhoga/midka,mvc.js
Dmitriihub/studyproject2,https://github.com/Dmitriihub/studyproject2,k6.js
rpp36-sdc-utf8/rpp36-aaron-overview,https://github.com/rpp36-sdc-utf8/rpp36-aaron-overview,script.js
Chris-Owusu/k6,https://github.com/Chris-Owusu/k6,groups.js
amir3ash/chatt,https://github.com/amir3ash/chatt,k6/ws.js
2024-Hanium-PlanDing/PlanDing-Backend,https://github.com/2024-Hanium-PlanDing/PlanDing-Backend,stress.js
CoCreate-app/CoCreate-loadtest,https://github.com/CoCreate-app/CoCreate-loadtest,socket.js
feejunior/k6login,https://github.com/feejunior/k6login,k6login.js
Magnificent-Malasada/ratingsAndReviews,https://github.com/Magnificent-Malasada/ratingsAndReviews,script.js
Galactic-Empire-SDC/Products,https://github.com/Galactic-Empire-SDC/Products,script.js
JamesGrant1811/k6-udemy,https://github.com/JamesGrant1811/k6-udemy,groups.js; custom-metrics-example.js; random-sleep.js
Anawataon/tools-k6,https://github.com/Anawataon/tools-k6,post.js
Gun-1/k6-proj-github,https://github.com/Gun-1/k6-proj-github,scenario.js
matfritzen/k6-tests,https://github.com/matfritzen/k6-tests,browser.js; random-sleep.js
ljvillarrealv/grafanak6,https://github.com/ljvillarrealv/grafanak6,k6/Exercices/tags.js; tags.js
berenteb/ticketpond-backend-nx,https://github.com/berenteb/ticketpond-backend-nx,loadtest.ts
ranggaadithia/sora-load-test,https://github.com/ranggaadithia/sora-load-test,sample.js
MarcinAman/url-shortener,https://github.com/MarcinAman/url-shortener,k6/perf.js
JoakimJohesan/k6-load-testing,https://github.com/JoakimJohesan/k6-load-testing,script.js
powerandcontrol/Simula-o-Teste-de-Carga-PI2-2025-01-,https://github.com/powerandcontrol/Simula-o-Teste-de-Carga-PI2-2025-01-,script.js
Ansh-Sarkar/k8s-loki-evals,https://github.com/Ansh-Sarkar/k8s-loki-evals,script.js
luke-h1/analytics-dashboard,https://github.com/luke-h1/analytics-dashboard,k6.js
mrezende1/testes-performance,https://github.com/mrezende1/testes-performance,index.js
shiskr/k6-sample,https://github.com/shiskr/k6-sample,sample.js
kwe/Great-Api-Challenge-2,https://github.com/kwe/Great-Api-Challenge-2,script.js
ReStarkov/k6-examples,https://github.com/ReStarkov/k6-examples,tickets.js
aldrincartago/k6-performance-testing,https://github.com/aldrincartago/k6-performance-testing,upload.js
Gurusharan-Singh2/cfBackend,https://github.com/Gurusharan-Singh2/cfBackend,script.js
Junrapxng/k6-dashboard,https://github.com/Junrapxng/k6-dashboard,script.js
dudapierri/Performance-tests-k6,https://github.com/dudapierri/Performance-tests-k6,groups.js
tariqazmat101/k6-websockets-testing,https://github.com/tariqazmat101/k6-websockets-testing,ws.js
hazelcast-guides/spring-hazelcast-pipeline-dispatcher,https://github.com/hazelcast-guides/spring-hazelcast-pipeline-dispatcher,k6.js
CintyaAprilaFandini/PPL_KUIS-1,https://github.com/CintyaAprilaFandini/PPL_KUIS-1,k6/Logout.js
maxoliverbr/k6GithubActions,https://github.com/maxoliverbr/k6GithubActions,k6.js
nicolevanderhoeven/k6-scripts,https://github.com/nicolevanderhoeven/k6-scripts,flipcoin.js; ecommerce/sc01-purchase.js
AbidKhairyAK/learn-k6,https://github.com/AbidKhairyAK/learn-k6,scenario.js; cloud.js
rony431/willdom,https://github.com/rony431/willdom,k6.js
armydep/shorten-url,https://github.com/armydep/shorten-url,perf.js
norizi/K6-Laravel,https://github.com/norizi/K6-Laravel,login.js
Ajayan-NTP/hotelApp,https://github.com/Ajayan-NTP/hotelApp,loginout.js
djesusnet/Cursok6,https://github.com/djesusnet/Cursok6,index.js
asindarov/Future-me-clone,https://github.com/asindarov/Future-me-clone,script.js
themisterbondy/postech-tech-challenge,https://github.com/themisterbondy/postech-tech-challenge,k6.js
alfnsnff/eticket-api,https://github.com/alfnsnff/eticket-api,k6/flow.js
mateusoliveiraps/k6_estudos,https://github.com/mateusoliveiraps/k6_estudos,k6-load.js; k6-smoke.js
siweh/LumaWebAppTesting,https://github.com/siweh/LumaWebAppTesting,script.js
kritozemu/cblog,https://github.com/kritozemu/cblog,k6/k6.js
frevar1975/Clases,https://github.com/frevar1975/Clases,UGRM/Docker-feb-2025/coleccionDockerfiles/bash-tools/templates/k6.js; UGRM/Docker-feb-2025/coleccionDockerfiles/bash-tools/templates/ansible-templates/bash-tools/templates/k6.js
nandanugg/HaloSusterTestCasesPSW3B2,https://github.com/nandanugg/HaloSusterTestCasesPSW3B2,script.js
marinagiaquinto/k6,https://github.com/marinagiaquinto/k6,modulo_5/aula_35.js
msouza009/curso-k6,https://github.com/msouza009/curso-k6,conteudo_adicional/aula03.js
rxtcp/dissertation-on-measuring-system-performance-indicators,https://github.com/rxtcp/dissertation-on-measuring-system-performance-indicators,script.js
hsiungc/ml_api,https://github.com/hsiungc/ml_api,load.js
jhsmith22/w255-finalproject,https://github.com/jhsmith22/w255-finalproject,labs/final_project/load.js
vhr1975/datasciw255,https://github.com/vhr1975/datasciw255,final_project/project/load.js
hakimamarullah/transaction-service-sp,https://github.com/hakimamarullah/transaction-service-sp,kubernetes/script.js
dina2203/rkJava,https://github.com/dina2203/rkJava,lab2_endterm/mvc.js
Oniqq60/project,https://github.com/Oniqq60/project,k6.js
SaifAutomatron/k6,https://github.com/SaifAutomatron/k6,fundamentals/groups_tags.js; fundamentals/custom-metrics-example.js; fundamentals/random-sleep.js
trangle-sioux/k6-performance,https://github.com/trangle-sioux/k6-performance,tests/section3/group/groups.js; tests/section5/random-sleep.js
ardatan/feTS,https://github.com/ardatan/feTS,benchmark/k6.js
supabase/benchmarks,https://github.com/supabase/benchmarks,examples/supavisor/single-insert/k6/load.js; examples/dashboard/e2e/k6/loader.js; examples/supavisor/simple-select/k6/load.js
supercheck-io/supercheck,https://github.com/supercheck-io/supercheck,app/src/lib/k6-validator.ts
saiya/dsps,https://github.com/saiya/dsps,loadtest/loadtest.k6.js
narender-kumar-asurion/search-poc,https://github.com/narender-kumar-asurion/search-poc,scripts/bench/k6-search-smoke.js
Interstellarss/faas-share-test,https://github.com/Interstellarss/faas-share-test,profiling/k6-tmp.js
tphummel/CaNFlySLO,https://github.com/tphummel/CaNFlySLO,k6/local-smoke.js
rancher/dartboard,https://github.com/rancher/dartboard,k6/vai/load_steve_new_pagination.js
zitadel/zitadel,https://github.com/zitadel/zitadel,benchmark/src/user.ts
sehyeogg365/hhplus_ecommerce,https://github.com/sehyeogg365/hhplus_ecommerce,src/main/resources/k6/script.js
aubronsamuel-hash/a,https://github.com/aubronsamuel-hash/a,scripts/k6/smoke.js
IceScout26/swagger-petstore-sqa,https://github.com/IceScout26/swagger-petstore-sqa,user_s1/getUsername_compatibility.js; pet_s3/deletePetId_maintainability.js; pet_s3/putPet_maintainability.js
nadiaalnd/Performance-Test-Adamlabs-Demo,https://github.com/nadiaalnd/Performance-Test-Adamlabs-Demo,scripts/patient/GetAllPatient.js
up2code/demo-dev-container,https://github.com/up2code/demo-dev-container,spring-boot/k6/perf_api_post_events.js
6-BARK/PhotoGallery_Proxy,https://github.com/6-BARK/PhotoGallery_Proxy,JD-proxy/k6proxy.js
vincentinttsh/2FA-thesis,https://github.com/vincentinttsh/2FA-thesis,misc/k6/script.js
owncloud/cdperf,https://github.com/owncloud/cdperf,packages/k6-tdk/config/vitest.mocks.ts; packages/k6-tests/config/vitest.mocks.ts
sdc-jackson/user-service,https://github.com/sdc-jackson/user-service,stressTest/getScript.js
liweiyuan/students-manager,https://github.com/liweiyuan/students-manager,stressTest.js
petechain23/K6,https://github.com/petechain23/K6,05-OMNI_Modularize_2/v2/flows/pages/outletsSearch.js; 01-Practices/solace/loadTestSolace.js; 01-Practices/TestLifeCycle/bbb.js
Ovi/DummyJSON,https://github.com/Ovi/DummyJSON,scripts/loadtest.js
julianshen/yatagarasu,https://github.com/julianshen/yatagarasu,k6-streaming.js
Arch-Frost/Tripify,https://github.com/Arch-Frost/Tripify,server/k6_Testing/deleteUser.js
ValterIversen/valteriversen,https://github.com/ValterIversen/valteriversen,src/components/Projects.js
srperf/k6Modular,https://github.com/srperf/k6Modular,otherExamples/remoteOptions/Stages.js
fuji-184/FNode_HTTP,https://github.com/fuji-184/FNode_HTTP,k6.js
LauroDF/FinalChallenge,https://github.com/LauroDF/FinalChallenge,projeto-ServeRest-k6/support/utils/Delete-User.js
mulyosyahidin/spring-boot-vocasia-microservices,https://github.com/mulyosyahidin/spring-boot-vocasia-microservices,testing/base-testing/src/6-order-service.js; k8s-hpa/k6/src/load.js
timpamungkasudemy/ai-assisted-testing-k6,https://github.com/timpamungkasudemy/ai-assisted-testing-k6,k6/004-working-with-http/http-post-one.js; k6/013-parallel-call/ai/ai-parallel-call-05.js; k6/004-working-with-http/ai/ai-http-delete-one.js
HugoBouttes/poc-queen-mongodb,https://github.com/HugoBouttes/poc-queen-mongodb,Scripts/script9.js
vifor/faas-to-iaas-migration-framework,https://github.com/vifor/faas-to-iaas-migration-framework,scripts/load-testing/utils/validation.js
MatheusGFritzke/chaos-test,https://github.com/MatheusGFritzke/chaos-test,load-generator/realistic-user.js
DiogoRibeiro7/git-actions-collection,https://github.com/DiogoRibeiro7/git-actions-collection,examples/api-testing/k6-script.js
Dmitry-Boyko/Udemy,https://github.com/Dmitry-Boyko/Udemy,K6/abort.js
glific/k6io,https://github.com/glific/k6io,src/message.ts
SamikshyaS/loadTest,https://github.com/SamikshyaS/loadTest,assetsProfile.js; websiteurl.js
lelold/pvz,https://github.com/lelold/pvz,loadtest/loadtest_dummyLogin.js
JonathanGunawan30/belajar-k6,https://github.com/JonathanGunawan30/belajar-k6,src/stages.js
meownguyen1104/PerformanceTest,https://github.com/meownguyen1104/PerformanceTest,Learning/LessonTest.js
DFE-Digital/publish-teacher-training,https://github.com/DFE-Digital/publish-teacher-training,load_testing/find/journeys/course-details.js; load_testing/find/utils/checks.js
zapier/prom-aggregation-gateway,https://github.com/zapier/prom-aggregation-gateway,benchmarking/no_labels.js
getBlackBadge/3rd-concert,https://github.com/getBlackBadge/3rd-concert,scripts/script2-3.js
hr-rfp55-sdc2-cucco/Project-Atelier-Reviews-API,https://github.com/hr-rfp55-sdc2-cucco/Project-Atelier-Reviews-API,k6/scripts/reportReview.js
spryker/commerce-k6-performance-tests,https://github.com/spryker/commerce-k6-performance-tests,src/pages/yves/order.page.js; src/pages/bo/merchant-sales.page.js
mmazune/chefcloud,https://github.com/mmazune/chefcloud,perf/scenarios/offline-queue.js
J-reyes132/api-test-k6,https://github.com/J-reyes132/api-test-k6,RickMortyCharacterByStatus_script.js
agussyahrilmubarok/course-assignments,https://github.com/agussyahrilmubarok/course-assignments,fc-msa-gocoupon/k6/v3/07-testCancelCoupon_shouldSuccess.js; fc-msa-gocoupon/k6/__tmp__/v3/07-testCancelCoupon_shouldSuccess.js; fc-msa-gocoupon/k6/v1/101-testIssueCoupon_whenHave10QoutaAnd100Request.js
farhanlabib/xk6-file-sample-project,https://github.com/farhanlabib/xk6-file-sample-project,pkg/mod/github.com/grafana/xk6-browser@v1.0.2/examples/evaluate.js; pkg/mod/github.com/grafana/xk6-grpc@v0.1.3-0.20230717090346-fb49221e0ce1/examples/grpc_client_streaming.js; pkg/mod/github.com/grafana/xk6-browser@v1.0.2/examples/hosts.js
Boavizta/ecobenchmark-applicationweb-backend,https://github.com/Boavizta/ecobenchmark-applicationweb-backend,validator/scenario.js
carloosbaquero/Cliente-TFM,https://github.com/carloosbaquero/Cliente-TFM,loadtest.js
eswaryalakanti/Learning-Management-system,https://github.com/eswaryalakanti/Learning-Management-system,Server/controllers/user.controller.js
TelenorNorway/docker-for-win-issue-8861,https://github.com/TelenorNorway/docker-for-win-issue-8861,src/main/k6/testcase.js
vfarcic/groundcover-demo,https://github.com/vfarcic/groundcover-demo,k6.js
Zaha250/rg-testing,https://github.com/Zaha250/rg-testing,src/api/modules/common/getSidebarComponents.js
cristianlopera24/PetStore_Performance,https://github.com/cristianlopera24/PetStore_Performance,cases/store/postStoreOrderTest.js
mountebank-testing/mountebank,https://github.com/mountebank-testing/mountebank,mbTest/perf/loadTest.js
carlaferrarez/poc-istio-envoyfilter,https://github.com/carlaferrarez/poc-istio-envoyfilter,testes/get-rest.js
leo-badell/K6-course,https://github.com/leo-badell/K6-course,creatingTest/expected-response-initial-code.js; Using_Parameters/random-sleep.js
shardie-github/floyo,https://github.com/shardie-github/floyo,k6/performance-baseline.js
PurpleFishh/muzici,https://github.com/PurpleFishh/muzici,backend-module/testing/statistics_testing.js; backend-module/testing/auth_testing.js
triszt4n/streamzen-monorepo,https://github.com/triszt4n/streamzen-monorepo,perftesting/script_old.js
ydarias/xk6-nats,https://github.com/ydarias/xk6-nats,examples/withHeaders.js
SDC8-Aragorn/Q-A,https://github.com/SDC8-Aragorn/Q-A,Spec/script copy 2.js
ham2k/lib-callsigns,https://github.com/ham2k/lib-callsigns,src/lib/parseCallsign.spec.js
pleasebelieveme/merong,https://github.com/pleasebelieveme/merong,search_performance.js
afiffahreza/online-AutoLog,https://github.com/afiffahreza/online-AutoLog,k6/generate-load.js
ohsu-comp-bio/load-testing,https://github.com/ohsu-comp-bio/load-testing,login.js
overist/hhd-plus-e-commerce,https://github.com/overist/hhd-plus-e-commerce,k6/common/setup.js
beatrizfteixeira/performance-mvc-webflux,https://github.com/beatrizfteixeira/performance-mvc-webflux,script-2.js
van1164/AllYouRaffle-BE,https://github.com/van1164/AllYouRaffle-BE,k6_executor/purchase.js
Magnificent-Malasada/productOverview,https://github.com/Magnificent-Malasada/productOverview,k6/allProducts.js
dikyayodihamzah/Load-Test,https://github.com/dikyayodihamzah/Load-Test,example_nearon/example.js
ququiz/scalable-ququiz-kubernetes,https://github.com/ququiz/scalable-ququiz-kubernetes,load-testing/quiz_question.js
Challe-P/report-load-tests,https://github.com/Challe-P/report-load-tests,script-html-report.js
CarnegieMellon-PlantD/PlantD-operator,https://github.com/CarnegieMellon-PlantD/PlantD-operator,apps/loadgen/http.plainText.js
Consensys/codefi-assets-and-payments,https://github.com/Consensys/codefi-assets-and-payments,platform/services/entity-api/k6/utils/kafka.ts
steadybit/examples,https://github.com/steadybit/examples,loadtest/k6-start-experiment/script.js
CrisDev2509/Sistema-Web-Hamburgueseria,https://github.com/CrisDev2509/Sistema-Web-Hamburgueseria,K6/eliminar_proveedor.js
TomWang22/record-platform,https://github.com/TomWang22/record-platform,scripts/load/all-in-one-k6.js
ChervyachokMigo/osu-tools,https://github.com/ChervyachokMigo/osu-tools,built/consts/modes.js
fernandoescolar/xk6-azservicebus,https://github.com/fernandoescolar/xk6-azservicebus,examples/queue_single_string_message.js
NelsonBN/samples-k6-tests,https://github.com/NelsonBN/samples-k6-tests,src/custom-metrics/counter.js; src/http-requests/verbs-put.js
AratKruglik/octane-tests,https://github.com/AratKruglik/octane-tests,k6/k6_2.js
com-junkawasaki/fcdb,https://github.com/com-junkawasaki/fcdb,loadtest/k6_3hop.js
Napat/k6_loadtest,https://github.com/Napat/k6_loadtest,01_basic_k6/01_get.js
RayLiu1999/chat_app_backend,https://github.com/RayLiu1999/chat_app_backend,loadtest/scenarios/light.js
gpiechnik2/k6-boilerplate,https://github.com/gpiechnik2/k6-boilerplate,scripts/wyszukiwanie-artykulu.js
Meldiron/appwrite-functions-benchmark,https://github.com/Meldiron/appwrite-functions-benchmark,functions-stress/dumpsterTheServer.js
Milla2000/Shopify,https://github.com/Milla2000/Shopify,Shopify-backend/K6/breakpointTest.js
tmc/the-AIvengers,https://github.com/tmc/the-AIvengers,load-generation/basic-load-generation.js
Hanumansai72/Backend,https://github.com/Hanumansai72/Backend,api/models/email.js
ruvnet/ruvector,https://github.com/ruvnet/ruvector,benchmarks/benchmark-runner.ts
steverzag/result-pattern-exception-handling-demo,https://github.com/steverzag/result-pattern-exception-handling-demo,apitest-v1.get-user.js
SolidMaster568/voluntarily-mern,https://github.com/SolidMaster568/voluntarily-mern,x/perf/k6/api_health.js
Parallels/prl-devops-service,https://github.com/Parallels/prl-devops-service,loadtest/health_check.js
TestriqQA-Lab/testrq-3.0,https://github.com/TestriqQA-Lab/testrq-3.0,src/lib/wordpress-data-adapter.ts
rpp36-sdc-smtp/smtp-othniel-reviews,https://github.com/rpp36-sdc-smtp/smtp-othniel-reviews,server/K6/putReportScript.js
KakoF/Template_Distributed_Arch,https://github.com/KakoF/Template_Distributed_Arch,Docs/K6/modulo3_conceitos_importantes/aula18.js
KontonGu/MLPerf-Inference-Benchmark-FaST-GShare,https://github.com/KontonGu/MLPerf-Inference-Benchmark-FaST-GShare,resnet/client/fn-k6.js
WizziGameDev/k6-performance-testing,https://github.com/WizziGameDev/k6-performance-testing,fraud-detection-simulation.js
saimanikumar67/k6_scripts_testing,https://github.com/saimanikumar67/k6_scripts_testing,k6_postman/k6_cpu_mem_responsetime.js
lucifer3618/next-dev,https://github.com/lucifer3618/next-dev,synthetic-monitoring/k6-monitoring/api-check.js
Abhay2412/SENG533FinalProject,https://github.com/Abhay2412/SENG533FinalProject,scripts/OLD/numberOfIterations/sharedIterations/vus.js
JS-Ranker/Monitoreo_k6,https://github.com/JS-Ranker/Monitoreo_k6,Monitoreo_k6/steps/addToCart.js; Monitoreo_k6/steps/submitLogin.js
ViktorNovak1/DBI-Projekt-5DHIF-Wintersemester-Novak-Gregorich,https://github.com/ViktorNovak1/DBI-Projekt-5DHIF-Wintersemester-Novak-Gregorich,loadTesting/Find_Aggregation_OfferCount/mongo_ref_index.js; loadTesting/Find/mongo_ref.js
al03022140/devops-web-app,https://github.com/al03022140/devops-web-app,scripts/k6/login-and-list.js
dongnguyenduybang/k6-report,https://github.com/dongnguyenduybang/k6-report,revoke-dm-message-reaction/revoke-dm-message-reaction.k6.js
robersonliou/k6-playground,https://github.com/robersonliou/k6-playground,src/check/hello-check.js
vini2sousa/banking-process,https://github.com/vini2sousa/banking-process,teste-transferencia.js
yoandiny/manasoa-education-backend,https://github.com/yoandiny/manasoa-education-backend,reportCard.js
team-kutner/photo_carousel-service,https://github.com/team-kutner/photo_carousel-service,script.js
HappyPathsOnly/k6-more-examples,https://github.com/HappyPathsOnly/k6-more-examples,checks/check-ensure_failure.js
tomkaith13/session-based-dataprocessing,https://github.com/tomkaith13/session-based-dataprocessing,k6/session.js
rfigueroa21/Laboratorio3,https://github.com/rfigueroa21/Laboratorio3,performance/soak.js
keith-liu-seagull-com/codeceptJS-KeithTest,https://github.com/keith-liu-seagull-com/codeceptJS-KeithTest,K6_examples/btctest.js
pcristin/not_golang_contest,https://github.com/pcristin/not_golang_contest,k6_loadtests/loadtest.js
sidharthv96/tambola,https://github.com/sidharthv96/tambola,k6.js
kyourselfer/OTUS_SRE202207,https://github.com/kyourselfer/OTUS_SRE202207,Project/env/LoadTest/front-app.js
rpp36-sdc-smtp/smtp-serena-QnA,https://github.com/rpp36-sdc-smtp/smtp-serena-QnA,server/K6/stressTest_reportAnswer.js
Informatievlaanderen/registry-testing,https://github.com/Informatievlaanderen/registry-testing,src/streetname/list.js
sharisroy/K6Learnign,https://github.com/sharisroy/K6Learnign,20-batchRequest.js
pagopa/pn-load-test,https://github.com/pagopa/pn-load-test,src/InteropTracing.js; src/BankCourtesyMessage.js
hanghae-plus-5th/hhplus-e-commerce,https://github.com/hanghae-plus-5th/hhplus-e-commerce,k6/product/getTopProducts.js; k6/scenario/scenario.js
DishaKhilari/LeonardoAi,https://github.com/DishaKhilari/LeonardoAi,src/K6/loadtest.js
Guspex/EBAC-QA,https://github.com/Guspex/EBAC-QA,Mod28/requests/products.request.js
nexoqa/nexoqa_training_eng_adv_k6,https://github.com/nexoqa/nexoqa_training_eng_adv_k6,k6/template.js
tianling0625/W255repo,https://github.com/tianling0625/W255repo,main/labs/project/load.js
wy8162/study-ktor,https://github.com/wy8162/study-ktor,perf/k6perf.js
GiveMeAjob-job/Keycloak,https://github.com/GiveMeAjob-job/Keycloak,k6/scripts/auth-login.js
Matrics-io/k6-sdk,https://github.com/Matrics-io/k6-sdk,reportportal/lifecycle-manager.js; templates/ramp.js; templates/scalability.js
hr-rfp55-sdc2-cucco/questions-answers-endpoint,https://github.com/hr-rfp55-sdc2-cucco/questions-answers-endpoint,script.js
wisehero/hhplus-ecommerce,https://github.com/wisehero/hhplus-ecommerce,k6/coupon_redis.js
PacktPublishing/Implementing-Event-Driven-Architecture-in-.NET-5,https://github.com/PacktPublishing/Implementing-Event-Driven-Architecture-in-.NET-5,ch03/benchmark/http_get.js
pryzmian/ScuttleCrab,https://github.com/pryzmian/ScuttleCrab,Commands/LoL/build.js
mpowrd/SoftwareMaintenanceAndTesting,https://github.com/mpowrd/SoftwareMaintenanceAndTesting,Practica8/P7/realizarPrediccionEndToEnd.js
GyanaprakashKhandual/Automation-Functional-Py-Test,https://github.com/GyanaprakashKhandual/Automation-Functional-Py-Test,gmppages/ahm.js
adi-testing/k6-performance-tests,https://github.com/adi-testing/k6-performance-tests,scripts/average_load.js; scripts/stress.js
kwishna/Grafana-K6-performance-test,https://github.com/kwishna/Grafana-K6-performance-test,src/course-tutorial/auth/basic-auth.js
grafana/xk6-output-example,https://github.com/grafana/xk6-output-example,script.js
cortezalberto/pruebaMar,https://github.com/cortezalberto/pruebaMar,spike_testing.js
sipe-team/3-1_spurt,https://github.com/sipe-team/3-1_spurt,playground/inspire12/performance-testing-architecture/k6-testing/js/week5/get-order-async.js; playground/inspire12/performance-testing-architecture/k6-testing/js/week3/get-async.js
justLxy/PointPulse,https://github.com/justLxy/PointPulse,load-testing/stress.js
wayter95/benchmarks-monotlito-microservices,https://github.com/wayter95/benchmarks-monotlito-microservices,k6/scenarios/microservices/microservices-authentication.js
byounghoon95/concert-ticketing,https://github.com/byounghoon95/concert-ticketing,k6/concert/getAvailableDates.js
vfarcic/keda-demo,https://github.com/vfarcic/keda-demo,k6-100.js
qcoop918/k6-bookstore-tests,https://github.com/qcoop918/k6-bookstore-tests,data/acmescriptProf.js
Hyperspace-Metaverse/xk6-socketio,https://github.com/Hyperspace-Metaverse/xk6-socketio,examples/advanced.js
PedroCoelho8/QSOFT-Projeto,https://github.com/PedroCoelho8/QSOFT-Projeto,Part2/documentation/1240485/Performance/k6/STRESS-GET/StressTestGETK6.js
UrumiAI/wc-perf-testing,https://github.com/UrumiAI/wc-perf-testing,requests/shopper/cart-remove-item.js
dhalexkim/k6-demo,https://github.com/dhalexkim/k6-demo,scripts/http/examples/example03.js
GHesericsu/cloudStay-PhotoGallery,https://github.com/GHesericsu/cloudStay-PhotoGallery,loadtest.js
biancabelea/Mentum,https://github.com/biancabelea/Mentum,mentum-k6/rest/bookSlot.rest.js
snothub/snothub.github.io,https://github.com/snothub/snothub.github.io,loadtest-infra/k6scripts/Biometri/AuthenticationTest.js
teri0411/Real-time-data-with-serverless,https://github.com/teri0411/Real-time-data-with-serverless,lambda/Websocket/datainsert.js
SwissLife-OSS/K6-MultiScenario-template,https://github.com/SwissLife-OSS/K6-MultiScenario-template,learnk6/05-Stages.js
WhrTvT/hhplus-Ecommerce,https://github.com/WhrTvT/hhplus-Ecommerce,k6/k6-scripts/peak.js
SungHo4119/eCommerce,https://github.com/SungHo4119/eCommerce,k6-scripts/stress.js
yangahh/concert-ticket-reservation,https://github.com/yangahh/concert-ticket-reservation,docs/k6/get_seats_script_150tps.js
aotearoan/neon,https://github.com/aotearoan/neon,src/app/views/user-input/select/Select.ts
brodo/kubectl-k6,https://github.com/brodo/kubectl-k6,examples/get_nodes/GetNodes.js
ren-joey/NestJS_dogcatstar,https://github.com/ren-joey/NestJS_dogcatstar,k6/script.js
thetkpark/cscms-services-deployment,https://github.com/thetkpark/cscms-services-deployment,k6/aka-cscms.js
vunetsystems/Load-Testing-Tool,https://github.com/vunetsystems/Load-Testing-Tool,k6_final/k6_dashboard_name/traces/trace-analyze-errors.js; k6_final/k6_dashboard_name/log_analytics.js
sheikhshack/openrainbow-poc-50.003,https://github.com/sheikhshack/openrainbow-poc-50.003,SystemTests/loadtests/k6testing/api3.js; SystemTests/loadtests/k6testing/sequentialtest.js
HuaHsuan-Liang/ScaleableResourceForDocker,https://github.com/HuaHsuan-Liang/ScaleableResourceForDocker,ENV_Docker/script.js
jimmyhogerty/Project-Ecom,https://github.com/jimmyhogerty/Project-Ecom,server/k6LocalTesting/k6styles.js
jwcastillo/0_to_100_k6,https://github.com/jwcastillo/0_to_100_k6,challengues/ecommerce/base.js
joergstreeck/freshplan-sales-tool,https://github.com/joergstreeck/freshplan-sales-tool,docs/planung/features-neu/00_infrastruktur/leistung/artefakte/testing/peak-4x.js
criscarlolm/k6-kubernetes-aws-loadtest,https://github.com/criscarlolm/k6-kubernetes-aws-loadtest,eks/js/tcm-6246-aws.js; eks/js/tcm-6214-vu1.js; eks/js/tcm-6241.js
venuthomas/API_7_Ways,https://github.com/venuthomas/API_7_Ways,K6Testing/DeleteEmployeeK6/DeleteEmployeeMinimal.js
bamlab/performance-monitoring,https://github.com/bamlab/performance-monitoring,src/apiName1/index.js
VladisSuh/StartupPCConfigurator,https://github.com/VladisSuh/StartupPCConfigurator,scripts/config-flow.js
wildananugrah/belajar,https://github.com/wildananugrah/belajar,40-learn-alpine-js/day1/k6/auth-basic.js
LUCASCNASC/k6-petstore,https://github.com/LUCASCNASC/k6-petstore,breakpoint/user/delete_user_username.js; smoke/store/get_store_inventory.js
Themba47622/k6-load-testing-example,https://github.com/Themba47622/k6-load-testing-example,scripts/Example2.js
CHOHYUNHWA/concert-reservation-service,https://github.com/CHOHYUNHWA/concert-reservation-service,k6/scripts/api-queues-token.js
mitelute/10-40,https://github.com/mitelute/10-40,BULoadTest.js
sf1tzp/symbology,https://github.com/sf1tzp/symbology,infra/testing/coverage.ts
vitingr/educational-api,https://github.com/vitingr/educational-api,k6/finished-weekly-plans/index.ts
lucasonzta/deznity-core,https://github.com/lucasonzta/deznity-core,scripts/setup-cicd.ts
eixfix/smcc-load-test,https://github.com/eixfix/smcc-load-test,smoke/bootstrap.ts
KMGeon/hhplus-e-commerce,https://github.com/KMGeon/hhplus-e-commerce,k6/couponPublish_spike.js
rkhokhla/kakeya,https://github.com/rkhokhla/kakeya,load/baseline.js
bcwilsondotcom/nx-monorepo-template,https://github.com/bcwilsondotcom/nx-monorepo-template,tools/performance/api-load.js
RustTest/wavReader,https://github.com/RustTest/wavReader,voxflowTesting.js
opencloud-eu/cdperf,https://github.com/opencloud-eu/cdperf,packages/k6-tdk/config/vitest.mocks.ts; packages/k6-tests/config/vitest.mocks.ts
hoangnm-ndm/dummyjson,https://github.com/hoangnm-ndm/dummyjson,scripts/loadtest.js
madhurendra1/DummyJSON,https://github.com/madhurendra1/DummyJSON,DummyJSON/scripts/loadtest.js
carlbray/mountebank,https://github.com/carlbray/mountebank,mbTest/perf/loadTest.js
ibnc/mountebankMongo,https://github.com/ibnc/mountebankMongo,test/perf/loadTest.js
skgmfbs/ItHink,https://github.com/skgmfbs/ItHink,k6example/example/expected-response-initial-code.js; k6example/example/custom-metrics-example.js
ngatiamwai/Shoppie,https://github.com/ngatiamwai/Shoppie,Shopify-backend/K6/breakpointTest.js
tmc/hackathon-starter,https://github.com/tmc/hackathon-starter,load-generation/basic-load-generation.js
tmc/d2labs,https://github.com/tmc/d2labs,load-generation/basic-load-generation.js
marlo2222/curso-teste-performance-k6,https://github.com/marlo2222/curso-teste-performance-k6,modulo3_conceitos_importantes/aula18.js
thiagoluzia/CursoK6.,https://github.com/thiagoluzia/CursoK6.,modulo3_conceitos_importantes/aula18.js
tonnarruda/k6_performanceTesting,https://github.com/tonnarruda/k6_performanceTesting,modulo3_conceitos_importantes/aula18.js
KontonGu/HAS-GPU,https://github.com/KontonGu/HAS-GPU,konton_test/resnet/client/fn-k6.js
LariGTonetto/QAm28,https://github.com/LariGTonetto/QAm28,requests/products.request.js
MateusNeres26/EBAC-QA,https://github.com/MateusNeres26/EBAC-QA,Mod28/requests/products.request.js
inspire12/performance-testing-architecture,https://github.com/inspire12/performance-testing-architecture,k6-testing/js/week3/get-async.js
woocommerce/woocommerce,https://github.com/woocommerce/woocommerce,plugins/woocommerce/tests/performance/requests/shopper/cart-remove-item.js
notmattpress/poocommerce,https://github.com/notmattpress/poocommerce,plugins/woocommerce/tests/performance/requests/shopper/cart-remove-item.js
UrumiAI/starshop,https://github.com/UrumiAI/starshop,plugins/woocommerce/tests/performance/requests/shopper/cart-remove-item.js
lakhyakotnala/ipython,https://github.com/lakhyakotnala/ipython,Automation/performance/scripts/05-Stages.js
23navi/k6,https://github.com/23navi/k6,parameters/random-sleep.js
metasfresh/metasfresh,https://github.com/metasfresh/metasfresh,e2e/perf/k6/audit-replay/replay-api-audit.js
bcgov/healthgateway,https://github.com/bcgov/healthgateway,Testing/k6/covid/federalpvc/k6_pvcpdf.js
buildfarm/buildfarm,https://github.com/buildfarm/buildfarm,contrib/k6/missingblobs.js
s00d/nuxt-i18n-micro,https://github.com/s00d/nuxt-i18n-micro,k6-script.js
voluntarily/vly2,https://github.com/voluntarily/vly2,x/perf/k6/api_people.js
hyperledger-labs/splice,https://github.com/hyperledger-labs/splice,load-tester/src/client/http.ts
salvadalba/nodaysidle-website,https://github.com/salvadalba/nodaysidle-website,perf/k6-smoke.js
keboola/keboola-as-code,https://github.com/keboola/keboola-as-code,scripts/k6/stream-api/api.js
arnonsang/shadow-ua,https://github.com/arnonsang/shadow-ua,src/exports/index.ts
Umbra-Team/Umbra,https://github.com/Umbra-Team/Umbra,load-testing/api-crud-operations-k6.js
ApdexOne/grafana-prometheus,https://github.com/ApdexOne/grafana-prometheus,script/script.js
duyhuynh14/vendure,https://github.com/duyhuynh14/vendure,packages/dev-server/load-testing/scripts/search-and-checkout.js
Salonee-Jain/k6,https://github.com/Salonee-Jain/k6,admin-portal/customer/loginFlow.js
RafaelFerSilva/k6,https://github.com/RafaelFerSilva/k6,documentation/4-functional_behavior_check copy.js
vicvalicelle/quality-assurance,https://github.com/vicvalicelle/quality-assurance,Sprint_6/TesteK6/Cenarios/Produto/StressTest.js
data-bass/Malcolm-SpotifyAlbum,https://github.com/data-bass/Malcolm-SpotifyAlbum,database/stressTesting/ksixScript.js
govuk-one-login/performance-testing,https://github.com/govuk-one-login/performance-testing,deploy/scripts/src/mobile/sts/utils/assertions.ts
edusoftpro/js-k6,https://github.com/edusoftpro/js-k6,k6-apijs-examples/10metrics/gauges.js; qanda/04literals-json.js; k6-examples/04thresholds/x-thresholds-group-duration.js
janzolini/k6-performance-test,https://github.com/janzolini/k6-performance-test,src/requests/getCrocodiles.request.js
rpp36-sdc-bit/rpp36-chris-overview,https://github.com/rpp36-sdc-bit/rpp36-chris-overview,server/scripts1.js
arn-ob/script-load-testing,https://github.com/arn-ob/script-load-testing,specs/parallel/academic/notice-indent-segment-101.js; specs/testing_v1/notice-service/hp-skill-notice-service-notices-ind-segment.js
sivaprkolli/k6_sample_tests,https://github.com/sivaprkolli/k6_sample_tests,verify_post_request.js
jyasuu/rs-benchmark,https://github.com/jyasuu/rs-benchmark,postgres.k6.js
Kong/kong_ai_gateway-portkey-litellm-benchmark,https://github.com/Kong/kong_ai_gateway-portkey-litellm-benchmark,k6/wiremock.js
getcord/cord,https://github.com/getcord/cord,ops/aws/src/radical-stack/ec2/zero.ts
beincom/bic-notification-perf-load,https://github.com/beincom/bic-notification-perf-load,src/scenarios/answer-quiz.scenarios.ts
weaviate/xk6-weaviate,https://github.com/weaviate/xk6-weaviate,examples/object-operations.js
rafaelhbrasil/csharp_async_examples,https://github.com/rafaelhbrasil/csharp_async_examples,AsyncBenchmarks.WebApi/k6/async.js
CanAISolutions/canai-cursor-codex-v6.1.4,https://github.com/CanAISolutions/canai-cursor-codex-v6.1.4,workspace-organization/01-foundation/tracking/production-metrics-integration.ts
lgjsherond/TechHubDemo,https://github.com/lgjsherond/TechHubDemo,browserAutomation.js
Qwitter/Qwitter-Testing,https://github.com/Qwitter/Qwitter-Testing,Stress/scripts/auth/username-suggestions.js; Stress/scripts/auth/check-existence.js
ekacs/K6-script-collection,https://github.com/ekacs/K6-script-collection,sipencatar/skenario4.1.js
pwllxqc/amelichka,https://github.com/pwllxqc/amelichka,loadtest.js
igorbrandao18/watch-test-backend,https://github.com/igorbrandao18/watch-test-backend,k6/user-actions.js
vimthelights/calculator,https://github.com/vimthelights/calculator,loadTests/smokeTest.js
HeyCW/akademi-koding-performance-testing,https://github.com/HeyCW/akademi-koding-performance-testing,home/spike-testing.js
Gapminder/small-waffle,https://github.com/Gapminder/small-waffle,load-testing/browser-based.js
ruanbekker/grafana-observability-primer,https://github.com/ruanbekker/grafana-observability-primer,k6lib/http_gets.js
zidane-itb/APKS,https://github.com/zidane-itb/APKS,scripts/use_case_2.js
effectmoe/ai-accounting-system,https://github.com/effectmoe/ai-accounting-system,src/mastra/tools/problem-solving-tools.ts
wizenheimer/periscope,https://github.com/wizenheimer/periscope,scripts/openai-prefix-caching.js
joanlopez/xk6-aws,https://github.com/joanlopez/xk6-aws,examples/s3.js
FalkFlow/api-php,https://github.com/FalkFlow/api-php,Ambiente de Pruebas/prueba_logs1.js
fishperson113/ticklab-challenge,https://github.com/fishperson113/ticklab-challenge,perf/script.js
pdellaert/fbw-aircraft-git-lfs,https://github.com/pdellaert/fbw-aircraft-git-lfs,fbw-a380x/src/systems/fmgc/src/flightplanning/new/segments/enroute/WaypointLoading.spec.ts
ducnt114/go-getting-started,https://github.com/ducnt114/go-getting-started,loadtest.js
ONLYOFFICE/DocSpace-stress-tests,https://github.com/ONLYOFFICE/DocSpace-stress-tests,FolderMy/openedit.js
S6-LT/LumbridgeTimes,https://github.com/S6-LT/LumbridgeTimes,Testing/SmokeTest.js
stellio-hub/ngsild-load-tests,https://github.com/stellio-hub/ngsild-load-tests,src/api/create-subscription.js
saint1991/samples,https://github.com/saint1991/samples,k6/src/libs/apis/schema.ts
EscolaDnc/TesteEstabilidade,https://github.com/EscolaDnc/TesteEstabilidade,rota_get_stress.js
olgaStadnyk/k6-learning,https://github.com/olgaStadnyk/k6-learning,project/pages/api/logout.js
firmansyah-github/quarkus-generated-test,https://github.com/firmansyah-github/quarkus-generated-test,src/main/k6/factor.articles.k6.collection.js
rogatka/advertisements,https://github.com/rogatka/advertisements,load-testing/increment-views-kafka.js
born-to-be-mad/azure-experiments,https://github.com/born-to-be-mad/azure-experiments,asb/docs/supply-events.js
CryptoJym/ai-agent-village-monitor,https://github.com/CryptoJym/ai-agent-village-monitor,packages/server/load/k6-http.js
ozontech/seq-db,https://github.com/ozontech/seq-db,benchmarks/k6/seq-db-aggs-min-by-status.js
hitansh-tria/LoadTesting,https://github.com/hitansh-tria/LoadTesting,Archive/emailOTPSignUp.js
izhigalko/otus-demo-istio,https://github.com/izhigalko/otus-demo-istio,app/load/load.js
cabinetoffice/GCGS-Central-Digital-Platform,https://github.com/cabinetoffice/GCGS-Central-Digital-Platform,terragrunt/tools/k6/scripts/requests/Tenant/postTenant.js
lemonson03/load-test-template,https://github.com/lemonson03/load-test-template,load-api/src/index.js
Krithikeswaranmk/final_helyxon,https://github.com/Krithikeswaranmk/final_helyxon,.history/src/services/langchainLocalService_20250610092951.ts
RavinduWeerakoon/front,https://github.com/RavinduWeerakoon/front,backend/load_testing/add_entry.js
nadiaalnd/Performance-Test-Adameds-V3,https://github.com/nadiaalnd/Performance-Test-Adameds-V3,src/admisi/master-pasien/get-all/GetAll.js; src/setting/print-out/get-printout/GetPrintOut.js
ignacioSuay/cloud-sql-performance-tests,https://github.com/ignacioSuay/cloud-sql-performance-tests,terraform/docker/script.js
kithekadk/Employee-management-system,https://github.com/kithekadk/Employee-management-system,backend/src/k6_performance/smoketest.js
torbendury/kube-networkpolicy-denier,https://github.com/torbendury/kube-networkpolicy-denier,hack/k6/spike.js
azophy/loadtest-tools-benchmark,https://github.com/azophy/loadtest-tools-benchmark,tester/k6/script-static-multireq.js
philipheferreira/Curso-teste-performance-com-K6,https://github.com/philipheferreira/Curso-teste-performance-com-K6,5 - Conteúdo adicional/2GerandoDashboarddeSaidacomK6.js
pgj/couchdb-k6,https://github.com/pgj/couchdb-k6,mango/common/benchmark.mjs
LukhasAI/Lukhas,https://github.com/LukhasAI/Lukhas,load/spike.js
algotouch/algotouch-app,https://github.com/algotouch/algotouch-app,load-testing/k6/auth.js
cognoco/User-Mgmt,https://github.com/cognoco/User-Mgmt,scripts/performance/k6Benchmark.js
jihadelsayed/Neetechs_Chain,https://github.com/jihadelsayed/Neetechs_Chain,neetechs/scripts/perf/k6_publish_buy_play.js
elrison/teste-desempenho-teastore,https://github.com/elrison/teste-desempenho-teastore,k6-teastore/teste-carga-simples.js
jsvitorm/ponderadasemana9m9,https://github.com/jsvitorm/ponderadasemana9m9,src/soak.js
jpandof/sinfon-ia,https://github.com/jpandof/sinfon-ia,src/data/agents.ts
algonacci/k6-demo,https://github.com/algonacci/k6-demo,src/api-testing-demo/scenarios.js
marcosborges/terraform-aws-loadtest-distribuited,https://github.com/marcosborges/terraform-aws-loadtest-distribuited,examples/plan/k6/basic.js
JoaoChoma/testedesoftware2025,https://github.com/JoaoChoma/testedesoftware2025,SEMANA16/k6/script.js
yunhalee05/walkerholic,https://github.com/yunhalee05/walkerholic,k6/main/smoke.js
habyyb/CD-AdvancedDigitalIQ,https://github.com/habyyb/CD-AdvancedDigitalIQ,src/loadgenerator/K6_performance.js
thomas-chiang/k6_sharing,https://github.com/thomas-chiang/k6_sharing,3.3.metric&custom-metrics.js
aziemp66/learn-k6,https://github.com/aziemp66/learn-k6,belajar-k6/src/ping.js
JavierSpartan-117/SQA_Semana_9,https://github.com/JavierSpartan-117/SQA_Semana_9,pruebaCarrito.js
evc8p/gehtsoft-study,https://github.com/evc8p/gehtsoft-study,src/main/java/com/evch/rrm/webserver/k6/loadtest1.js
laszlo-igaz-ah/cloudx-java-developer,https://github.com/laszlo-igaz-ah/cloudx-java-developer,k6/sudden-spike-web-app-petstoreapp.js
janbraunsdorff/catan,https://github.com/janbraunsdorff/catan,.telemetry/k6/script.js
576576/hadesbot-lite,https://github.com/576576/hadesbot-lite,src/index.ts
DimDev/php-runtimes-benchmark,https://github.com/DimDev/php-runtimes-benchmark,001_symfony7_wo_db/testing-tools/k6/script_vus5_dur30s.js
CrispinManda/Talky-the-Project.,https://github.com/CrispinManda/Talky-the-Project.,backend/src/k6_performance/getprojects.js
RemoteState/load-testing-tutorial,https://github.com/RemoteState/load-testing-tutorial,performanceTests/singleAPILoadTest.js
shamir92/go-boilerplate,https://github.com/shamir92/go-boilerplate,tools/qa/load/ping_usecase.js
col3name/balance-service,https://github.com/col3name/balance-service,bench/script.js
mentalclear/k6-project,https://github.com/mentalclear/k6-project,script.js
arslanrao991/zzreal_worriors,https://github.com/arslanrao991/zzreal_worriors,arslan_phase3/k6_viewReports.js
PraveenAsthana123/cypresstesting,https://github.com/PraveenAsthana123/cypresstesting,perf/k6-stress.js
lucasguerra12/AV3,https://github.com/lucasguerra12/AV3,teste_carga.js
nyyshaaa/backend-app-complete,https://github.com/nyyshaaa/backend-app-complete,src/via_server/benchmark.js
tgskyline/performancetest-k6,https://github.com/tgskyline/performancetest-k6,02-cenarios/constant-vus.js
truonghd113hd/testCI,https://github.com/truonghd113hd/testCI,scripts/authFlow.js
yudas-programador/Pruebas-de-integracion,https://github.com/yudas-programador/Pruebas-de-integracion,carga_dashboard.js
lucasjct/k6-udemy,https://github.com/lucasjct/k6-udemy,concepts/scenarios/03-constant-vus.js
Timsl1401/Kosc-Spitsenspel,https://github.com/Timsl1401/Kosc-Spitsenspel,scripts/k6-dashboard.js
ronansay/next-web-app,https://github.com/ronansay/next-web-app,performanceTest_K6/index.js
Ranj0z/Events-Ticketing-System,https://github.com/Ranj0z/Events-Ticketing-System,Performance/Breakpoint/event.get.breakpoint.ts
sourcegraph/k6,https://github.com/sourcegraph/k6,scripts/stress.js
rpampin/elevate-ai-replit-modern,https://github.com/rpampin/elevate-ai-replit-modern,scripts/import-bootcamp-data.js
jeromeguillaume/kong-plugin-soap-xml-handling,https://github.com/jeromeguillaume/kong-plugin-soap-xml-handling,loadtesting/k6/scen0.js
Spaceona/backend-go,https://github.com/Spaceona/backend-go,loadtesting/hourTest.js
TheMech4nic/Multi_Vendor_Data_Fetch,https://github.com/TheMech4nic/Multi_Vendor_Data_Fetch,loadtest/script.js
iago-abner/k6,https://github.com/iago-abner/k6,examples/experimental/browser.js
kimdh-hi/spring-study,https://github.com/kimdh-hi/spring-study,spring-http-client/openfeign/k6.js
etalazz/vsa,https://github.com/etalazz/vsa,load/uniform/k6-script.js
jeffascript/k6-load-testing,https://github.com/jeffascript/k6-load-testing,src/controller/user.register.ts
saifulazad/collections,https://github.com/saifulazad/collections,loadtest/loadtest.js
UKHO/exchange-set-service,https://github.com/UKHO/exchange-set-service,UKHO.ExchangeSetService.API/UKHO.ExchangeSetService.LoadTests/TestCase/ESSPTUsingLiveLogsWithReadMeCacheInvalidation.js
ToYou-Sparta/oddventure,https://github.com/ToYou-Sparta/oddventure,k6/scripts/scenario1-data-volume.js
ethanshi2026/Dr_Lin_Class,https://github.com/ethanshi2026/Dr_Lin_Class,exercise_11/load/k6/coach_scenario_debug.js
HellRok/jstris-companion,https://github.com/HellRok/jstris-companion,jstris-companion.js
duongnv129/ory-self-hosted,https://github.com/duongnv129/ory-self-hosted,keto-zanziban-multi-tenancy-rbac-per-resource/loadtest/k6/scenarios/scenario3-resource-scaling.js
metrico/qryn-bench,https://github.com/metrico/qryn-bench,loki/qryn-loki-loadtest.js
likesistemas/nginx,https://github.com/likesistemas/nginx,k6/index.js
GualterAlbino/WebServiceK6,https://github.com/GualterAlbino/WebServiceK6,Fluxos/Fluxos.js
